tempo_h;X_g_L;S_g_L;P_g_L
0,000000;2,000000;150,000000;0,000000
0,050000;2,016708;149,940329;0,025062
0,100000;2,033555;149,880161;0,050333
0,150000;2,050542;149,819492;0,075813
0,200000;2,067671;149,758318;0,101507
0,250000;2,084942;149,696635;0,127413
0,300000;2,102357;149,634438;0,153536
0,350000;2,119917;149,571724;0,179876
0,400000;2,137623;149,508488;0,206435
0,450000;2,155477;149,444725;0,233215
0,500000;2,173479;149,380432;0,260219
0,550000;2,191631;149,315604;0,287446
0,600000;2,209934;149,250237;0,314901
0,650000;2,228389;149,184325;0,342583
0,700000;2,246998;149,117866;0,370496
0,750000;2,265761;149,050853;0,398642
0,800000;2,284681;148,983284;0,427021
0,850000;2,303757;148,915152;0,455636
0,900000;2,322993;148,846453;0,484490
0,950000;2,342389;148,777184;0,513583
1,000000;2,361945;148,707338;0,542918
1,050000;2,381665;148,636911;0,572497
1,100000;2,401548;148,565899;0,602322
1,150000;2,421597;148,494296;0,632395
1,200000;2,441812;148,422099;0,662719
1,250000;2,462196;148,349301;0,693294
1,300000;2,482749;148,275897;0,724123
1,350000;2,503472;148,201884;0,755209
1,400000;2,524368;148,127256;0,786553
1,450000;2,545438;148,052007;0,818157
1,500000;2,566683;147,976133;0,850024
1,550000;2,588104;147,899629;0,882156
1,600000;2,609703;147,822489;0,914555
1,650000;2,631482;147,744709;0,947222
1,700000;2,653441;147,666282;0,980162
1,750000;2,675583;147,587204;1,013375
1,800000;2,697909;147,507469;1,046863
1,850000;2,720420;147,427071;1,080630
1,900000;2,743118;147,346007;1,114677
1,950000;2,766005;147,264269;1,149007
2,000000;2,789081;147,181852;1,183622
2,050000;2,812350;147,098751;1,218525
2,100000;2,835811;147,014960;1,253717
2,150000;2,859467;146,930474;1,289201
2,200000;2,883320;146,845287;1,324980
2,250000;2,907370;146,759392;1,361055
2,300000;2,931620;146,672785;1,397430
2,350000;2,956071;146,585459;1,434107
2,400000;2,980726;146,497409;1,471088
2,450000;3,005584;146,408628;1,508376
2,500000;3,030649;146,319110;1,545974
2,550000;3,055922;146,228850;1,583883
2,600000;3,081404;146,137841;1,622107
2,650000;3,107098;146,046078;1,660647
2,700000;3,133005;145,953554;1,699507
2,750000;3,159127;145,860262;1,738690
2,800000;3,185465;145,766197;1,778197
2,850000;3,212021;145,671353;1,818032
2,900000;3,238798;145,575722;1,858197
2,950000;3,265796;145,479299;1,898694
3,000000;3,293019;145,382077;1,939528
3,050000;3,320466;145,284049;1,980700
3,100000;3,348142;145,185209;2,022212
3,150000;3,376046;145,085550;2,064069
3,200000;3,404182;144,985066;2,106272
3,250000;3,432550;144,883749;2,148825
3,300000;3,461154;144,781593;2,191731
3,350000;3,489994;144,678591;2,234992
3,400000;3,519074;144,574737;2,278611
3,450000;3,548394;144,470022;2,322591
3,500000;3,577956;144,364441;2,366935
3,550000;3,607764;144,257986;2,411646
3,600000;3,637818;144,150650;2,456727
3,650000;3,668121;144,042425;2,502181
3,700000;3,698674;143,933306;2,548012
3,750000;3,729481;143,823283;2,594221
3,800000;3,760542;143,712350;2,640813
3,850000;3,791860;143,600500;2,687790
3,900000;3,823437;143,487724;2,735156
3,950000;3,855276;143,374016;2,782913
4,000000;3,887377;143,259368;2,831065
4,050000;3,919744;143,143772;2,879616
4,100000;3,952378;143,027221;2,928567
4,150000;3,985282;142,909706;2,977923
4,200000;4,018458;142,791221;3,027687
4,250000;4,051908;142,671756;3,077862
4,300000;4,085635;142,551305;3,128452
4,350000;4,119640;142,429858;3,179459
4,400000;4,153925;142,307409;3,230888
4,450000;4,188494;142,183949;3,282742
4,500000;4,223349;142,059469;3,335023
4,550000;4,258491;141,933962;3,387736
4,600000;4,293923;141,807418;3,440884
4,650000;4,329647;141,679831;3,494471
4,700000;4,365667;141,551190;3,548500
4,750000;4,401983;141,421488;3,602975
4,800000;4,438599;141,290716;3,657899
4,850000;4,475518;141,158866;3,713276
4,900000;4,512740;141,025928;3,769110
4,950000;4,550270;140,891894;3,825405
5,000000;4,588109;140,756755;3,882163
5,050000;4,626259;140,620502;3,939389
5,100000;4,664725;140,483126;3,997087
5,150000;4,703507;140,344618;4,055260
5,200000;4,742609;140,204969;4,113913
5,250000;4,782033;140,064169;4,173049
5,300000;4,821781;139,922210;4,232672
5,350000;4,861857;139,779082;4,292786
5,400000;4,902263;139,634775;4,353395
5,450000;4,943002;139,489280;4,414502
5,500000;4,984075;139,342588;4,476113
5,550000;5,025487;139,194689;4,538231
5,600000;5,067239;139,045573;4,600859
5,650000;5,109335;138,895231;4,664003
5,700000;5,151777;138,743653;4,727666
5,750000;5,194568;138,590828;4,791852
5,800000;5,237711;138,436746;4,856567
5,850000;5,281208;138,281399;4,921813
5,900000;5,325063;138,124774;4,987595
5,950000;5,369278;137,966863;5,053917
6,000000;5,413857;137,807655;5,120785
6,050000;5,458801;137,647139;5,188202
6,100000;5,504115;137,485305;5,256172
6,150000;5,549800;137,322143;5,324700
6,200000;5,595861;137,157641;5,393791
6,250000;5,642299;136,991789;5,463448
6,300000;5,689118;136,824577;5,533678
6,350000;5,736322;136,655993;5,604483
6,400000;5,783913;136,486026;5,675869
6,450000;5,831894;136,314666;5,747840
6,500000;5,880268;136,141901;5,820402
6,550000;5,929038;135,967720;5,893558
6,600000;5,978209;135,792112;5,967313
6,650000;6,027782;135,615066;6,041672
6,700000;6,077761;135,436569;6,116641
6,750000;6,128149;135,256611;6,192223
6,800000;6,178950;135,075180;6,268425
6,850000;6,230166;134,892263;6,345249
6,900000;6,281802;134,707851;6,422703
6,950000;6,333860;134,521930;6,500790
7,000000;6,386343;134,334488;6,579515
7,050000;6,439256;134,145514;6,658884
7,100000;6,492601;133,954996;6,738902
7,150000;6,546382;133,762921;6,819573
7,200000;6,600602;133,569277;6,900904
7,250000;6,655266;133,374051;6,982898
7,300000;6,710375;133,177232;7,065562
7,350000;6,765934;132,978806;7,148901
7,400000;6,821947;132,778762;7,232920
7,450000;6,878416;132,577085;7,317624
7,500000;6,935346;132,373763;7,403019
7,550000;6,992740;132,168784;7,489111
7,600000;7,050602;131,962134;7,575904
7,650000;7,108936;131,753800;7,663404
7,700000;7,167745;131,543770;7,751617
7,750000;7,227032;131,332028;7,840548
7,800000;7,286802;131,118563;7,930203
7,850000;7,347059;130,903361;8,020588
7,900000;7,407806;130,686408;8,111709
7,950000;7,469047;130,467690;8,203570
8,000000;7,530786;130,247194;8,296178
8,050000;7,593026;130,024906;8,389540
8,100000;7,655773;129,800812;8,483659
8,150000;7,719029;129,574897;8,578543
8,200000;7,782799;129,347148;8,674198
8,250000;7,847086;129,117550;8,770629
8,300000;7,911895;128,886090;8,867842
8,350000;7,977230;128,652751;8,965844
8,400000;8,043094;128,417521;9,064641
8,450000;8,109492;128,180385;9,164238
8,500000;8,176429;127,941327;9,264643
8,550000;8,243907;127,700333;9,365860
8,600000;8,311931;127,457388;9,467897
8,650000;8,380507;127,212476;9,570760
8,700000;8,449636;126,965584;9,674455
8,750000;8,519325;126,716695;9,778988
8,800000;8,589577;126,465795;9,884366
8,850000;8,660397;126,212867;9,990596
8,900000;8,731789;125,957897;10,097683
8,950000;8,803757;125,700868;10,205636
9,000000;8,876306;125,441765;10,314459
9,050000;8,949440;125,180572;10,424160
9,100000;9,023163;124,917274;10,534745
9,150000;9,097481;124,651853;10,646222
9,200000;9,172398;124,384294;10,758596
9,250000;9,247917;124,114582;10,871876
9,300000;9,324045;123,842698;10,986067
9,350000;9,400784;123,568627;11,101176
9,400000;9,478141;123,292353;11,217212
9,450000;9,556120;123,013859;11,334179
9,500000;9,634724;122,733127;11,452087
9,550000;9,713960;122,450142;11,570941
9,600000;9,793832;122,164885;11,690748
9,650000;9,874345;121,877341;11,811517
9,700000;9,955502;121,587492;11,933254
9,750000;10,037310;121,295320;12,055966
9,800000;10,119773;121,000809;12,179660
9,850000;10,202897;120,703941;12,304345
9,900000;10,286685;120,404698;12,430027
9,950000;10,371142;120,103063;12,556714
10,000000;10,456275;119,799018;12,684413
10,050000;10,542088;119,492544;12,813131
10,100000;10,628585;119,183626;12,942877
10,150000;10,715772;118,872243;13,073658
10,200000;10,803654;118,558378;13,205481
10,250000;10,892236;118,242013;13,338355
10,300000;10,981524;117,923130;13,472286
10,350000;11,071521;117,601709;13,607282
10,400000;11,162235;117,277733;13,743352
10,450000;11,253669;116,951183;13,880503
10,500000;11,345829;116,622041;14,018743
10,550000;11,438720;116,290287;14,158080
10,600000;11,532347;115,955902;14,298521
10,650000;11,626717;115,618868;14,440075
10,700000;11,721834;115,279166;14,582750
10,750000;11,817703;114,936776;14,726554
10,800000;11,914330;114,591679;14,871495
10,850000;12,011720;114,243856;15,017580
10,900000;12,109879;113,893288;15,164819
10,950000;12,208813;113,539954;15,313219
11,000000;12,308526;113,183835;15,462789
11,050000;12,409025;112,824912;15,613537
11,100000;12,510314;112,463164;15,765471
11,150000;12,612400;112,098572;15,918600
11,200000;12,715288;111,731116;16,072931
11,250000;12,818983;111,360775;16,228474
11,300000;12,923492;110,987530;16,385237
11,350000;13,028819;110,611361;16,543228
11,400000;13,134971;110,232248;16,702456
11,450000;13,241952;109,850170;16,862929
11,500000;13,349770;109,465107;17,024655
11,550000;13,458430;109,077037;17,187644
11,600000;13,567936;108,685941;17,351905
11,650000;13,678297;108,291798;17,517445
11,700000;13,789516;107,894587;17,684273
11,750000;13,901599;107,494288;17,852399
11,800000;14,014554;107,090879;18,021831
11,850000;14,128385;106,684340;18,192577
11,900000;14,243098;106,274650;18,364647
11,950000;14,358699;105,861789;18,538049
12,000000;14,475194;105,445736;18,712791
12,050000;14,592589;105,026469;18,888883
12,100000;14,710889;104,603968;19,066333
12,150000;14,830101;104,178212;19,245151
12,200000;14,950230;103,749180;19,425344
12,250000;15,071282;103,316851;19,606922
12,300000;15,193263;102,881204;19,789894
12,350000;15,316179;102,442219;19,974268
12,400000;15,440036;101,999873;20,160053
12,450000;15,564839;101,554146;20,347259
12,500000;15,690595;101,105016;20,535893
12,550000;15,817310;100,652464;20,725965
12,600000;15,944989;100,196467;20,917484
12,650000;16,073639;99,737004;21,110459
12,700000;16,203265;99,274053;21,304898
12,750000;16,333873;98,807595;21,500810
12,800000;16,465470;98,337607;21,698205
12,850000;16,598061;97,864068;21,897091
12,900000;16,731651;97,386959;22,097477
12,950000;16,866247;96,906260;22,299371
13,000000;17,001854;96,421951;22,502781
13,050000;17,138478;95,934008;22,707717
13,100000;17,276125;95,442412;22,914187
13,150000;17,414801;94,947140;23,122201
13,200000;17,554512;94,448172;23,331768
13,250000;17,695264;93,945487;23,542896
13,300000;17,837062;93,439065;23,755593
13,350000;17,979912;92,928885;23,969868
13,400000;18,123820;92,414927;24,185730
13,450000;18,268792;91,897173;24,403187
13,500000;18,414832;91,375602;24,622247
13,550000;18,561946;90,850194;24,842918
13,600000;18,710139;90,320932;25,065209
13,650000;18,859417;89,787795;25,289126
13,700000;19,009785;89,250767;25,514678
13,750000;19,161248;88,709827;25,741873
13,800000;19,313812;88,164959;25,970717
13,850000;19,467480;87,616144;26,201220
13,900000;19,622258;87,063364;26,433387
13,950000;19,778151;86,506603;26,667227
14,000000;19,935164;85,945843;26,902746
14,050000;20,093301;85,381067;27,139952
14,100000;20,252567;84,812259;27,378851
14,150000;20,412967;84,239402;27,619451
14,200000;20,574506;83,662480;27,861758
14,250000;20,737187;83,081477;28,105780
14,300000;20,901015;82,496377;28,351522
14,350000;21,065994;81,907165;28,598991
14,400000;21,232129;81,313825;28,848194
14,450000;21,399424;80,716343;29,099136
14,500000;21,567883;80,114705;29,351824
14,550000;21,737505;79,508910;29,606258
14,600000;21,908295;78,898947;29,862442
14,650000;22,080257;78,284798;30,120385
14,700000;22,253394;77,666449;30,380092
14,750000;22,427712;77,043887;30,641567
14,800000;22,603212;76,417101;30,904817
14,850000;22,779898;75,786080;31,169846
14,900000;22,957772;75,150815;31,436658
14,950000;23,136836;74,511298;31,705255
15,000000;23,317094;73,867523;31,975640
15,050000;23,498545;73,219484;32,247817
15,100000;23,681190;72,567177;32,521785
15,150000;23,865032;71,910601;32,797548
15,200000;24,050069;71,249753;33,075104
15,250000;24,236303;70,584634;33,354454
15,300000;24,423731;69,915245;33,635597
15,350000;24,612355;69,241588;33,918533
15,400000;24,802173;68,563669;34,203259
15,450000;24,993182;67,881492;34,489774
15,500000;25,185382;67,195063;34,778074
15,550000;25,378770;66,504391;35,068156
15,600000;25,573344;65,809485;35,360016
15,650000;25,769100;65,110356;35,653651
15,700000;25,966036;64,407015;35,949054
15,750000;26,164147;63,699475;36,246220
15,800000;26,363429;62,987752;36,545144
15,850000;26,563879;62,271861;36,845819
15,900000;26,765491;61,551818;37,148236
15,950000;26,968260;60,827644;37,452390
16,000000;27,172180;60,099356;37,758270
16,050000;27,377246;59,366977;38,065870
16,100000;27,583452;58,630529;38,375178
16,150000;27,790785;57,890054;38,686177
16,200000;27,999232;57,145599;38,998848
16,250000;28,208786;56,397193;39,313179
16,300000;28,419436;55,644872;39,629154
16,350000;28,631171;54,888674;39,946757
16,400000;28,843980;54,128644;40,265970
16,450000;29,057847;53,364832;40,586771
16,500000;29,272758;52,597291;40,909138
16,550000;29,488697;51,826083;41,233045
16,600000;29,705645;51,051269;41,558467
16,650000;29,923582;50,272921;41,885373
16,700000;30,142489;49,491112;42,213733
16,750000;30,362342;48,705922;42,543513
16,800000;30,583118;47,917434;42,874678
16,850000;30,804793;47,125738;43,207190
16,900000;31,027340;46,330928;43,541010
16,950000;31,250732;45,533102;43,876097
17,000000;31,474938;44,732365;44,212407
17,050000;31,699929;43,928825;44,549893
17,100000;31,925673;43,122597;44,888509
17,150000;32,152136;42,313799;45,228204
17,200000;32,379283;41,502560;45,568925
17,250000;32,607068;40,689043;45,910602
17,300000;32,835449;39,873395;46,253174
17,350000;33,064385;39,055767;46,596578
17,400000;33,293829;38,236326;46,940743
17,450000;33,523730;37,415250;47,285595
17,500000;33,754036;36,592730;47,631053
17,550000;33,984688;35,768973;47,977031
17,600000;34,215625;34,944197;48,323437
17,650000;34,446782;34,118635;48,670173
17,700000;34,678091;33,292532;49,017137
17,750000;34,909479;32,466147;49,364218
17,800000;35,140869;31,639753;49,711304
17,850000;35,372182;30,813637;50,058273
17,900000;35,603333;29,988097;50,404999
17,950000;35,834235;29,163446;50,751353
18,000000;36,064797;28,340010;51,097196
18,050000;36,294917;27,518155;51,442375
18,100000;36,524486;26,698266;51,786728
18,150000;36,753394;25,880735;52,130091
18,200000;36,981525;25,065982;52,472287
18,250000;37,208753;24,254453;52,813130
18,300000;37,434947;23,446619;53,152420
18,350000;37,659967;22,642974;53,489951
18,400000;37,883668;21,844041;53,825503
18,450000;38,105897;21,050367;54,158846
18,500000;38,326493;20,262524;54,489740
18,550000;38,545289;19,481111;54,817933
18,600000;38,762110;18,706751;55,143164
18,650000;38,976773;17,940096;55,465160
18,700000;39,189085;17,181838;55,783628
18,750000;39,398845;16,432697;56,098267
18,800000;39,605844;15,693415;56,408766
18,850000;39,809868;14,964756;56,714802
18,900000;40,010698;14,247506;57,016047
18,950000;40,208108;13,542473;57,312162
19,000000;40,401864;12,850484;57,602797
19,050000;40,591730;12,172392;57,887595
19,100000;40,777465;11,509052;58,166198
19,150000;40,958829;10,861324;58,438244
19,200000;41,135580;10,230073;58,703370
19,250000;41,307481;9,616138;58,961222
19,300000;41,474306;9,020337;59,211458
19,350000;41,635830;8,443466;59,453744
19,400000;41,791839;7,886289;59,687759
19,450000;41,942137;7,349511;59,913205
19,500000;42,086542;6,833778;60,129813
19,550000;42,224897;6,339653;60,337346
19,600000;42,357070;5,867609;60,535604
19,650000;42,482952;5,418027;60,724429
19,700000;42,602470;4,991179;60,903705
19,750000;42,715580;4,587215;61,073370
19,800000;42,822275;4,206161;61,233412
19,850000;42,922585;3,847911;61,383877
19,900000;43,016575;3,512234;61,524862
19,950000;43,104345;3,198767;61,656518
20,000000;43,186033;2,907024;61,779050
20,050000;43,261808;2,636402;61,892711
20,100000;43,331865;2,386195;61,997798
20,150000;43,396431;2,155604;62,094646
20,200000;43,455750;1,943749;62,183625
20,250000;43,510085;1,749696;62,265128
20,300000;43,559711;1,572459;62,339567
20,350000;43,604913;1,411023;62,407370
20,400000;43,645978;1,264365;62,468967
20,450000;43,683192;1,131456;62,524789
20,500000;43,716841;1,011283;62,575261
20,550000;43,747199;0,902861;62,620799
20,600000;43,774535;0,805231;62,661803
20,650000;43,799105;0,717483;62,698657
20,700000;43,821150;0,638749;62,731726
20,750000;43,840901;0,568211;62,761351
20,800000;43,858570;0,505106;62,787855
20,850000;43,874358;0,448723;62,811536
20,900000;43,888447;0,398405;62,832670
20,950000;43,901007;0,353546;62,851511
21,000000;43,912194;0,313592;62,868291
21,050000;43,922150;0,278037;62,883224
21,100000;43,931002;0,246422;62,896503
21,150000;43,938868;0,218329;62,908302
21,200000;43,945853;0,193381;62,918780
21,250000;43,952053;0,171239;62,928080
21,300000;43,957553;0,151595;62,936330
21,350000;43,962430;0,134178;62,943645
21,400000;43,966753;0,118739;62,950130
21,450000;43,970584;0,105059;62,955875
21,500000;43,973976;0,092941;62,960965
21,550000;43,976981;0,082210;62,965472
21,600000;43,979641;0,072710;62,969462
21,650000;43,981996;0,064301;62,972993
21,700000;43,984079;0,056860;62,976119
21,750000;43,985923;0,050275;62,978884
21,800000;43,987554;0,044450;62,981331
21,850000;43,988997;0,039297;62,983495
21,900000;43,990273;0,034740;62,985409
21,950000;43,991401;0,030709;62,987102
22,000000;43,992399;0,027145;62,988599
22,050000;43,993282;0,023994;62,989922
22,100000;43,994062;0,021208;62,991093
22,150000;43,994751;0,018745;62,992127
22,200000;43,995361;0,016567;62,993042
22,250000;43,995900;0,014642;62,993850
22,300000;43,996377;0,012941;62,994565
22,350000;43,996798;0,011437;62,995197
22,400000;43,997170;0,010107;62,995755
22,450000;43,997499;0,008932;62,996248
22,500000;43,997790;0,007894;62,996685
22,550000;43,998047;0,006976;62,997070
22,600000;43,998274;0,006165;62,997411
22,650000;43,998475;0,005448;62,997712
22,700000;43,998652;0,004814;62,997978
22,750000;43,998809;0,004254;62,998213
22,800000;43,998947;0,003759;62,998421
22,850000;43,999070;0,003322;62,998605
22,900000;43,999178;0,002936;62,998767
22,950000;43,999274;0,002594;62,998910
23,000000;43,999358;0,002292;62,999037
23,050000;43,999433;0,002026;62,999149
23,100000;43,999499;0,001790;62,999248
23,150000;43,999557;0,001582;62,999336
23,200000;43,999609;0,001398;62,999413
23,250000;43,999654;0,001235;62,999481
23,300000;43,999694;0,001092;62,999542
23,350000;43,999730;0,000965;62,999595
23,400000;43,999761;0,000852;62,999642
23,450000;43,999789;0,000753;62,999684
23,500000;43,999814;0,000666;62,999720
23,550000;43,999835;0,000588;62,999753
23,600000;43,999854;0,000520;62,999782
23,650000;43,999871;0,000459;62,999807
23,700000;43,999886;0,000406;62,999830
23,750000;43,999900;0,000359;62,999849
23,800000;43,999911;0,000317;62,999867
23,850000;43,999922;0,000280;62,999882
23,900000;43,999931;0,000247;62,999896
23,950000;43,999939;0,000219;62,999908
24,000000;43,999946;0,000193;62,999919
24,050000;43,999952;0,000171;62,999928
24,100000;43,999958;0,000151;62,999937
24,150000;43,999963;0,000133;62,999944
24,200000;43,999967;0,000118;62,999951
24,250000;43,999971;0,000104;62,999956
24,300000;43,999974;0,000092;62,999961
24,350000;43,999977;0,000081;62,999966
24,400000;43,999980;0,000072;62,999970
24,450000;43,999982;0,000063;62,999973
24,500000;43,999984;0,000056;62,999976
24,550000;43,999986;0,000050;62,999979
24,600000;43,999988;0,000044;62,999982
24,650000;43,999989;0,000039;62,999984
24,700000;43,999990;0,000034;62,999986
24,750000;43,999992;0,000030;62,999987
24,800000;43,999993;0,000027;62,999989
24,850000;43,999993;0,000024;62,999990
24,900000;43,999994;0,000021;62,999991
24,950000;43,999995;0,000018;62,999992
25,000000;43,999995;0,000016;62,999993
25,050000;43,999996;0,000014;62,999994
25,100000;43,999996;0,000013;62,999995
25,150000;43,999997;0,000011;62,999995
25,200000;43,999997;0,000010;62,999996
25,250000;43,999998;0,000009;62,999996
25,300000;43,999998;0,000008;62,999997
25,350000;43,999998;0,000007;62,999997
25,400000;43,999998;0,000006;62,999997
25,450000;43,999999;0,000005;62,999998
25,500000;43,999999;0,000005;62,999998
25,550000;43,999999;0,000004;62,999998
25,600000;43,999999;0,000004;62,999998
25,650000;43,999999;0,000003;62,999999
25,700000;43,999999;0,000003;62,999999
25,750000;43,999999;0,000003;62,999999
25,800000;43,999999;0,000002;62,999999
25,850000;43,999999;0,000002;62,999999
25,900000;44,000000;0,000002;62,999999
25,950000;44,000000;0,000002;62,999999
26,000000;44,000000;0,000001;62,999999
26,050000;44,000000;0,000001;62,999999
26,100000;44,000000;0,000001;63,000000
26,150000;44,000000;0,000001;63,000000
26,200000;44,000000;0,000001;63,000000
26,250000;44,000000;0,000001;63,000000
26,300000;44,000000;0,000001;63,000000
26,350000;44,000000;0,000001;63,000000
26,400000;44,000000;0,000001;63,000000
26,450000;44,000000;0,000000;63,000000
26,500000;44,000000;0,000000;63,000000
26,550000;44,000000;0,000000;63,000000
26,600000;44,000000;0,000000;63,000000
26,650000;44,000000;0,000000;63,000000
26,700000;44,000000;0,000000;63,000000
26,750000;44,000000;0,000000;63,000000
26,800000;44,000000;0,000000;63,000000
26,850000;44,000000;0,000000;63,000000
26,900000;44,000000;0,000000;63,000000
26,950000;44,000000;0,000000;63,000000
27,000000;44,000000;0,000000;63,000000
27,050000;44,000000;0,000000;63,000000
27,100000;44,000000;0,000000;63,000000
27,150000;44,000000;0,000000;63,000000
27,200000;44,000000;0,000000;63,000000
27,250000;44,000000;0,000000;63,000000
27,300000;44,000000;0,000000;63,000000
27,350000;44,000000;0,000000;63,000000
27,400000;44,000000;0,000000;63,000000
27,450000;44,000000;0,000000;63,000000
27,500000;44,000000;0,000000;63,000000
27,550000;44,000000;0,000000;63,000000
27,600000;44,000000;0,000000;63,000000
27,650000;44,000000;0,000000;63,000000
27,700000;44,000000;0,000000;63,000000
27,750000;44,000000;0,000000;63,000000
27,800000;44,000000;0,000000;63,000000
27,850000;44,000000;0,000000;63,000000
27,900000;44,000000;0,000000;63,000000
27,950000;44,000000;0,000000;63,000000
28,000000;44,000000;0,000000;63,000000
28,050000;44,000000;0,000000;63,000000
28,100000;44,000000;0,000000;63,000000
28,150000;44,000000;0,000000;63,000000
28,200000;44,000000;0,000000;63,000000
28,250000;44,000000;0,000000;63,000000
28,300000;44,000000;0,000000;63,000000
28,350000;44,000000;0,000000;63,000000
28,400000;44,000000;0,000000;63,000000
28,450000;44,000000;0,000000;63,000000
28,500000;44,000000;0,000000;63,000000
28,550000;44,000000;0,000000;63,000000
28,600000;44,000000;0,000000;63,000000
28,650000;44,000000;0,000000;63,000000
28,700000;44,000000;0,000000;63,000000
28,750000;44,000000;0,000000;63,000000
28,800000;44,000000;0,000000;63,000000
28,850000;44,000000;0,000000;63,000000
28,900000;44,000000;0,000000;63,000000
28,950000;44,000000;0,000000;63,000000
29,000000;44,000000;0,000000;63,000000
29,050000;44,000000;0,000000;63,000000
29,100000;44,000000;0,000000;63,000000
29,150000;44,000000;0,000000;63,000000
29,200000;44,000000;0,000000;63,000000
29,250000;44,000000;0,000000;63,000000
29,300000;44,000000;0,000000;63,000000
29,350000;44,000000;0,000000;63,000000
29,400000;44,000000;0,000000;63,000000
29,450000;44,000000;0,000000;63,000000
29,500000;44,000000;0,000000;63,000000
29,550000;44,000000;0,000000;63,000000
29,600000;44,000000;0,000000;63,000000
29,650000;44,000000;0,000000;63,000000
29,700000;44,000000;0,000000;63,000000
29,750000;44,000000;0,000000;63,000000
29,800000;44,000000;0,000000;63,000000
29,850000;44,000000;0,000000;63,000000
29,900000;44,000000;0,000000;63,000000
29,950000;44,000000;0,000000;63,000000
30,000000;44,000000;0,000000;63,000000
30,050000;44,000000;0,000000;63,000000
30,100000;44,000000;0,000000;63,000000
30,150000;44,000000;0,000000;63,000000
30,200000;44,000000;0,000000;63,000000
30,250000;44,000000;0,000000;63,000000
30,300000;44,000000;0,000000;63,000000
30,350000;44,000000;0,000000;63,000000
30,400000;44,000000;0,000000;63,000000
30,450000;44,000000;-0,000000;63,000000
30,500000;44,000000;-0,000000;63,000000
30,550000;44,000000;-0,000000;63,000000
30,600000;44,000000;-0,000000;63,000000
30,650000;44,000000;-0,000000;63,000000
30,700000;44,000000;-0,000000;63,000000
30,750000;44,000000;-0,000000;63,000000
30,800000;44,000000;-0,000000;63,000000
30,850000;44,000000;-0,000000;63,000000
30,900000;44,000000;-0,000000;63,000000
30,950000;44,000000;-0,000000;63,000000
31,000000;44,000000;-0,000000;63,000000
31,050000;44,000000;-0,000000;63,000000
31,100000;44,000000;-0,000000;63,000000
31,150000;44,000000;-0,000000;63,000000
31,200000;44,000000;0,000000;63,000000
31,250000;44,000000;0,000000;63,000000
31,300000;44,000000;0,000000;63,000000
31,350000;44,000000;0,000000;63,000000
31,400000;44,000000;0,000000;63,000000
31,450000;44,000000;0,000000;63,000000
31,500000;44,000000;0,000000;63,000000
31,550000;44,000000;0,000000;63,000000
31,600000;44,000000;0,000000;63,000000
31,650000;44,000000;0,000000;63,000000
31,700000;44,000000;0,000000;63,000000
31,750000;44,000000;0,000000;63,000000
31,800000;44,000000;0,000000;63,000000
31,850000;44,000000;0,000000;63,000000
31,900000;44,000000;-0,000000;63,000000
31,950000;44,000000;-0,000000;63,000000
32,000000;44,000000;-0,000000;63,000000
32,050000;44,000000;-0,000000;63,000000
32,100000;44,000000;-0,000000;63,000000
32,150000;44,000000;-0,000000;63,000000
32,200000;44,000000;-0,000000;63,000000
32,250000;44,000000;-0,000000;63,000000
32,300000;44,000000;-0,000000;63,000000
32,350000;44,000000;-0,000000;63,000000
32,400000;44,000000;-0,000000;63,000000
32,450000;44,000000;-0,000000;63,000000
32,500000;44,000000;-0,000000;63,000000
32,550000;44,000000;-0,000000;63,000000
32,600000;44,000000;-0,000000;63,000000
32,650000;44,000000;-0,000000;63,000000
32,700000;44,000000;0,000000;63,000000
32,750000;44,000000;0,000000;63,000000
32,800000;44,000000;0,000000;63,000000
32,850000;44,000000;0,000000;63,000000
32,900000;44,000000;0,000000;63,000000
32,950000;44,000000;0,000000;63,000000
33,000000;44,000000;0,000000;63,000000
33,050000;44,000000;0,000000;63,000000
33,100000;44,000000;0,000000;63,000000
33,150000;44,000000;0,000000;63,000000
33,200000;44,000000;0,000000;63,000000
33,250000;44,000000;0,000000;63,000000
33,300000;44,000000;0,000000;63,000000
33,350000;44,000000;0,000000;63,000000
33,400000;44,000000;0,000000;63,000000
33,450000;44,000000;0,000000;63,000000
33,500000;44,000000;-0,000000;63,000000
33,550000;44,000000;-0,000000;63,000000
33,600000;44,000000;-0,000000;63,000000
33,650000;44,000000;-0,000000;63,000000
33,700000;44,000000;-0,000000;63,000000
33,750000;44,000000;-0,000000;63,000000
33,800000;44,000000;-0,000000;63,000000
33,850000;44,000000;-0,000000;63,000000
33,900000;44,000000;-0,000000;63,000000
33,950000;44,000000;-0,000000;63,000000
34,000000;44,000000;-0,000000;63,000000
34,050000;44,000000;-0,000000;63,000000
34,100000;44,000000;0,000000;63,000000
34,150000;44,000000;0,000000;63,000000
34,200000;44,000000;0,000000;63,000000
34,250000;44,000000;0,000000;63,000000
34,300000;44,000000;0,000000;63,000000
34,350000;44,000000;0,000000;63,000000
34,400000;44,000000;0,000000;63,000000
34,450000;44,000000;0,000000;63,000000
34,500000;44,000000;0,000000;63,000000
34,550000;44,000000;0,000000;63,000000
34,600000;44,000000;0,000000;63,000000
34,650000;44,000000;0,000000;63,000000
34,700000;44,000000;0,000000;63,000000
34,750000;44,000000;0,000000;63,000000
34,800000;44,000000;-0,000000;63,000000
34,850000;44,000000;-0,000000;63,000000
34,900000;44,000000;-0,000000;63,000000
34,950000;44,000000;-0,000000;63,000000
35,000000;44,000000;-0,000000;63,000000
35,050000;44,000000;-0,000000;63,000000
35,100000;44,000000;-0,000000;63,000000
35,150000;44,000000;-0,000000;63,000000
35,200000;44,000000;-0,000000;63,000000
35,250000;44,000000;-0,000000;63,000000
35,300000;44,000000;-0,000000;63,000000
35,350000;44,000000;-0,000000;63,000000
35,400000;44,000000;-0,000000;63,000000
35,450000;44,000000;0,000000;63,000000
35,500000;44,000000;0,000000;63,000000
35,550000;44,000000;0,000000;63,000000
35,600000;44,000000;0,000000;63,000000
35,650000;44,000000;0,000000;63,000000
35,700000;44,000000;0,000000;63,000000
35,750000;44,000000;0,000000;63,000000
35,800000;44,000000;0,000000;63,000000
35,850000;44,000000;0,000000;63,000000
35,900000;44,000000;0,000000;63,000000
35,950000;44,000000;0,000000;63,000000
36,000000;44,000000;0,000000;63,000000
36,050000;44,000000;0,000000;63,000000
36,100000;44,000000;0,000000;63,000000
36,150000;44,000000;-0,000000;63,000000
36,200000;44,000000;-0,000000;63,000000
36,250000;44,000000;-0,000000;63,000000
36,300000;44,000000;-0,000000;63,000000
36,350000;44,000000;-0,000000;63,000000
36,400000;44,000000;-0,000000;63,000000
36,450000;44,000000;-0,000000;63,000000
36,500000;44,000000;-0,000000;63,000000
36,550000;44,000000;-0,000000;63,000000
36,600000;44,000000;-0,000000;63,000000
36,650000;44,000000;-0,000000;63,000000
36,700000;44,000000;-0,000000;63,000000
36,750000;44,000000;-0,000000;63,000000
36,800000;44,000000;0,000000;63,000000
36,850000;44,000000;0,000000;63,000000
36,900000;44,000000;0,000000;63,000000
36,950000;44,000000;0,000000;63,000000
37,000000;44,000000;0,000000;63,000000
37,050000;44,000000;0,000000;63,000000
37,100000;44,000000;0,000000;63,000000
37,150000;44,000000;0,000000;63,000000
37,200000;44,000000;0,000000;63,000000
37,250000;44,000000;0,000000;63,000000
37,300000;44,000000;0,000000;63,000000
37,350000;44,000000;0,000000;63,000000
37,400000;44,000000;0,000000;63,000000
37,450000;44,000000;0,000000;63,000000
37,500000;44,000000;-0,000000;63,000000
37,550000;44,000000;-0,000000;63,000000
37,600000;44,000000;-0,000000;63,000000
37,650000;44,000000;-0,000000;63,000000
37,700000;44,000000;-0,000000;63,000000
37,750000;44,000000;-0,000000;63,000000
37,800000;44,000000;-0,000000;63,000000
37,850000;44,000000;-0,000000;63,000000
37,900000;44,000000;-0,000000;63,000000
37,950000;44,000000;-0,000000;63,000000
38,000000;44,000000;-0,000000;63,000000
38,050000;44,000000;-0,000000;63,000000
38,100000;44,000000;-0,000000;63,000000
38,150000;44,000000;0,000000;63,000000
38,200000;44,000000;0,000000;63,000000
38,250000;44,000000;0,000000;63,000000
38,300000;44,000000;0,000000;63,000000
38,350000;44,000000;0,000000;63,000000
38,400000;44,000000;0,000000;63,000000
38,450000;44,000000;0,000000;63,000000
38,500000;44,000000;0,000000;63,000000
38,550000;44,000000;0,000000;63,000000
38,600000;44,000000;0,000000;63,000000
38,650000;44,000000;0,000000;63,000000
38,700000;44,000000;0,000000;63,000000
38,750000;44,000000;0,000000;63,000000
38,800000;44,000000;0,000000;63,000000
38,850000;44,000000;0,000000;63,000000
38,900000;44,000000;-0,000000;63,000000
38,950000;44,000000;-0,000000;63,000000
39,000000;44,000000;-0,000000;63,000000
39,050000;44,000000;-0,000000;63,000000
39,100000;44,000000;-0,000000;63,000000
39,150000;44,000000;-0,000000;63,000000
39,200000;44,000000;-0,000000;63,000000
39,250000;44,000000;-0,000000;63,000000
39,300000;44,000000;-0,000000;63,000000
39,350000;44,000000;-0,000000;63,000000
39,400000;44,000000;-0,000000;63,000000
39,450000;44,000000;-0,000000;63,000000
39,500000;44,000000;0,000000;63,000000
39,550000;44,000000;0,000000;63,000000
39,600000;44,000000;0,000000;63,000000
39,650000;44,000000;0,000000;63,000000
39,700000;44,000000;0,000000;63,000000
39,750000;44,000000;0,000000;63,000000
39,800000;44,000000;0,000000;63,000000
39,850000;44,000000;0,000000;63,000000
39,900000;44,000000;0,000000;63,000000
39,950000;44,000000;0,000000;63,000000
40,000000;44,000000;0,000000;63,000000
40,050000;44,000000;0,000000;63,000000
40,100000;44,000000;0,000000;63,000000
40,150000;44,000000;0,000000;63,000000
40,200000;44,000000;0,000000;63,000000
40,250000;44,000000;-0,000000;63,000000
40,300000;44,000000;-0,000000;63,000000
40,350000;44,000000;-0,000000;63,000000
40,400000;44,000000;-0,000000;63,000000
40,450000;44,000000;-0,000000;63,000000
40,500000;44,000000;-0,000000;63,000000
40,550000;44,000000;-0,000000;63,000000
40,600000;44,000000;-0,000000;63,000000
40,650000;44,000000;-0,000000;63,000000
40,700000;44,000000;-0,000000;63,000000
40,750000;44,000000;-0,000000;63,000000
40,800000;44,000000;0,000000;63,000000
40,850000;44,000000;0,000000;63,000000
40,900000;44,000000;0,000000;63,000000
40,950000;44,000000;0,000000;63,000000
41,000000;44,000000;0,000000;63,000000
41,050000;44,000000;0,000000;63,000000
41,100000;44,000000;0,000000;63,000000
41,150000;44,000000;0,000000;63,000000
41,200000;44,000000;0,000000;63,000000
41,250000;44,000000;0,000000;63,000000
41,300000;44,000000;0,000000;63,000000
41,350000;44,000000;0,000000;63,000000
41,400000;44,000000;0,000000;63,000000
41,450000;44,000000;0,000000;63,000000
41,500000;44,000000;-0,000000;63,000000
41,550000;44,000000;-0,000000;63,000000
41,600000;44,000000;-0,000000;63,000000
41,650000;44,000000;-0,000000;63,000000
41,700000;44,000000;-0,000000;63,000000
41,750000;44,000000;-0,000000;63,000000
41,800000;44,000000;-0,000000;63,000000
41,850000;44,000000;-0,000000;63,000000
41,900000;44,000000;-0,000000;63,000000
41,950000;44,000000;-0,000000;63,000000
42,000000;44,000000;-0,000000;63,000000
42,050000;44,000000;-0,000000;63,000000
42,100000;44,000000;0,000000;63,000000
42,150000;44,000000;0,000000;63,000000
42,200000;44,000000;0,000000;63,000000
42,250000;44,000000;0,000000;63,000000
42,300000;44,000000;0,000000;63,000000
42,350000;44,000000;0,000000;63,000000
42,400000;44,000000;0,000000;63,000000
42,450000;44,000000;0,000000;63,000000
42,500000;44,000000;0,000000;63,000000
42,550000;44,000000;0,000000;63,000000
42,600000;44,000000;0,000000;63,000000
42,650000;44,000000;0,000000;63,000000
42,700000;44,000000;0,000000;63,000000
42,750000;44,000000;0,000000;63,000000
42,800000;44,000000;-0,000000;63,000000
42,850000;44,000000;-0,000000;63,000000
42,900000;44,000000;-0,000000;63,000000
42,950000;44,000000;-0,000000;63,000000
43,000000;44,000000;-0,000000;63,000000
43,050000;44,000000;-0,000000;63,000000
43,100000;44,000000;-0,000000;63,000000
43,150000;44,000000;-0,000000;63,000000
43,200000;44,000000;-0,000000;63,000000
43,250000;44,000000;-0,000000;63,000000
43,300000;44,000000;-0,000000;63,000000
43,350000;44,000000;-0,000000;63,000000
43,400000;44,000000;-0,000000;63,000000
43,450000;44,000000;0,000000;63,000000
43,500000;44,000000;0,000000;63,000000
43,550000;44,000000;0,000000;63,000000
43,600000;44,000000;0,000000;63,000000
43,650000;44,000000;0,000000;63,000000
43,700000;44,000000;0,000000;63,000000
43,750000;44,000000;0,000000;63,000000
43,800000;44,000000;0,000000;63,000000
43,850000;44,000000;0,000000;63,000000
43,900000;44,000000;0,000000;63,000000
43,950000;44,000000;0,000000;63,000000
44,000000;44,000000;0,000000;63,000000
44,050000;44,000000;0,000000;63,000000
44,100000;44,000000;0,000000;63,000000
44,150000;44,000000;-0,000000;63,000000
44,200000;44,000000;-0,000000;63,000000
44,250000;44,000000;-0,000000;63,000000
44,300000;44,000000;-0,000000;63,000000
44,350000;44,000000;-0,000000;63,000000
44,400000;44,000000;-0,000000;63,000000
44,450000;44,000000;-0,000000;63,000000
44,500000;44,000000;-0,000000;63,000000
44,550000;44,000000;-0,000000;63,000000
44,600000;44,000000;-0,000000;63,000000
44,650000;44,000000;-0,000000;63,000000
44,700000;44,000000;-0,000000;63,000000
44,750000;44,000000;-0,000000;63,000000
44,800000;44,000000;-0,000000;63,000000
44,850000;44,000000;0,000000;63,000000
44,900000;44,000000;0,000000;63,000000
44,950000;44,000000;0,000000;63,000000
45,000000;44,000000;0,000000;63,000000
45,050000;44,000000;0,000000;63,000000
45,100000;44,000000;0,000000;63,000000
45,150000;44,000000;0,000000;63,000000
45,200000;44,000000;0,000000;63,000000
45,250000;44,000000;0,000000;63,000000
45,300000;44,000000;0,000000;63,000000
45,350000;44,000000;0,000000;63,000000
45,400000;44,000000;0,000000;63,000000
45,450000;44,000000;0,000000;63,000000
45,500000;44,000000;0,000000;63,000000
45,550000;44,000000;-0,000000;63,000000
45,600000;44,000000;-0,000000;63,000000
45,650000;44,000000;-0,000000;63,000000
45,700000;44,000000;-0,000000;63,000000
45,750000;44,000000;-0,000000;63,000000
45,800000;44,000000;-0,000000;63,000000
45,850000;44,000000;-0,000000;63,000000
45,900000;44,000000;-0,000000;63,000000
45,950000;44,000000;-0,000000;63,000000
46,000000;44,000000;-0,000000;63,000000
46,050000;44,000000;-0,000000;63,000000
46,100000;44,000000;-0,000000;63,000000
46,150000;44,000000;-0,000000;63,000000
46,200000;44,000000;0,000000;63,000000
46,250000;44,000000;0,000000;63,000000
46,300000;44,000000;0,000000;63,000000
46,350000;44,000000;0,000000;63,000000
46,400000;44,000000;0,000000;63,000000
46,450000;44,000000;0,000000;63,000000
46,500000;44,000000;0,000000;63,000000
46,550000;44,000000;0,000000;63,000000
46,600000;44,000000;0,000000;63,000000
46,650000;44,000000;0,000000;63,000000
46,700000;44,000000;0,000000;63,000000
46,750000;44,000000;0,000000;63,000000
46,800000;44,000000;0,000000;63,000000
46,850000;44,000000;0,000000;63,000000
46,900000;44,000000;-0,000000;63,000000
46,950000;44,000000;-0,000000;63,000000
47,000000;44,000000;-0,000000;63,000000
47,050000;44,000000;-0,000000;63,000000
47,100000;44,000000;-0,000000;63,000000
47,150000;44,000000;-0,000000;63,000000
47,200000;44,000000;-0,000000;63,000000
47,250000;44,000000;-0,000000;63,000000
47,300000;44,000000;-0,000000;63,000000
47,350000;44,000000;-0,000000;63,000000
47,400000;44,000000;-0,000000;63,000000
47,450000;44,000000;-0,000000;63,000000
47,500000;44,000000;0,000000;63,000000
47,550000;44,000000;0,000000;63,000000
47,600000;44,000000;0,000000;63,000000
47,650000;44,000000;0,000000;63,000000
47,700000;44,000000;0,000000;63,000000
47,750000;44,000000;0,000000;63,000000
47,800000;44,000000;0,000000;63,000000
47,850000;44,000000;0,000000;63,000000
47,900000;44,000000;0,000000;63,000000
47,950000;44,000000;0,000000;63,000000
48,000000;44,000000;0,000000;63,000000
48,050000;44,000000;0,000000;63,000000
48,100000;44,000000;0,000000;63,000000
48,150000;44,000000;0,000000;63,000000
48,200000;44,000000;0,000000;63,000000
48,250000;44,000000;-0,000000;63,000000
48,300000;44,000000;-0,000000;63,000000
48,350000;44,000000;-0,000000;63,000000
48,400000;44,000000;-0,000000;63,000000
48,450000;44,000000;-0,000000;63,000000
48,500000;44,000000;-0,000000;63,000000
48,550000;44,000000;-0,000000;63,000000
48,600000;44,000000;-0,000000;63,000000
48,650000;44,000000;-0,000000;63,000000
48,700000;44,000000;-0,000000;63,000000
48,750000;44,000000;-0,000000;63,000000
48,800000;44,000000;0,000000;63,000000
48,850000;44,000000;0,000000;63,000000
48,900000;44,000000;0,000000;63,000000
48,950000;44,000000;0,000000;63,000000
49,000000;44,000000;0,000000;63,000000
49,050000;44,000000;0,000000;63,000000
49,100000;44,000000;0,000000;63,000000
49,150000;44,000000;0,000000;63,000000
49,200000;44,000000;0,000000;63,000000
49,250000;44,000000;0,000000;63,000000
49,300000;44,000000;0,000000;63,000000
49,350000;44,000000;0,000000;63,000000
49,400000;44,000000;0,000000;63,000000
49,450000;44,000000;0,000000;63,000000
49,500000;44,000000;-0,000000;63,000000
49,550000;44,000000;-0,000000;63,000000
49,600000;44,000000;-0,000000;63,000000
49,650000;44,000000;-0,000000;63,000000
49,700000;44,000000;-0,000000;63,000000
49,750000;44,000000;-0,000000;63,000000
49,800000;44,000000;-0,000000;63,000000
49,850000;44,000000;-0,000000;63,000000
49,900000;44,000000;-0,000000;63,000000
49,950000;44,000000;-0,000000;63,000000
50,000000;44,000000;-0,000000;63,000000
50,050000;44,000000;-0,000000;63,000000
50,100000;44,000000;-0,000000;63,000000
50,150000;44,000000;0,000000;63,000000
50,200000;44,000000;0,000000;63,000000
50,250000;44,000000;0,000000;63,000000
50,300000;44,000000;0,000000;63,000000
50,350000;44,000000;0,000000;63,000000
50,400000;44,000000;0,000000;63,000000
50,450000;44,000000;0,000000;63,000000
50,500000;44,000000;0,000000;63,000000
50,550000;44,000000;0,000000;63,000000
50,600000;44,000000;0,000000;63,000000
50,650000;44,000000;0,000000;63,000000
50,700000;44,000000;0,000000;63,000000
50,750000;44,000000;0,000000;63,000000
50,800000;44,000000;0,000000;63,000000
50,850000;44,000000;-0,000000;63,000000
50,900000;44,000000;-0,000000;63,000000
50,950000;44,000000;-0,000000;63,000000
51,000000;44,000000;-0,000000;63,000000
51,050000;44,000000;-0,000000;63,000000
51,100000;44,000000;-0,000000;63,000000
51,150000;44,000000;-0,000000;63,000000
51,200000;44,000000;-0,000000;63,000000
51,250000;44,000000;-0,000000;63,000000
51,300000;44,000000;-0,000000;63,000000
51,350000;44,000000;-0,000000;63,000000
51,400000;44,000000;-0,000000;63,000000
51,450000;44,000000;-0,000000;63,000000
51,500000;44,000000;0,000000;63,000000
51,550000;44,000000;0,000000;63,000000
51,600000;44,000000;0,000000;63,000000
51,650000;44,000000;0,000000;63,000000
51,700000;44,000000;0,000000;63,000000
51,750000;44,000000;0,000000;63,000000
51,800000;44,000000;0,000000;63,000000
51,850000;44,000000;0,000000;63,000000
51,900000;44,000000;0,000000;63,000000
51,950000;44,000000;0,000000;63,000000
52,000000;44,000000;0,000000;63,000000
52,050000;44,000000;0,000000;63,000000
52,100000;44,000000;0,000000;63,000000
52,150000;44,000000;0,000000;63,000000
52,200000;44,000000;-0,000000;63,000000
52,250000;44,000000;-0,000000;63,000000
52,300000;44,000000;-0,000000;63,000000
52,350000;44,000000;-0,000000;63,000000
52,400000;44,000000;-0,000000;63,000000
52,450000;44,000000;-0,000000;63,000000
52,500000;44,000000;-0,000000;63,000000
52,550000;44,000000;-0,000000;63,000000
52,600000;44,000000;-0,000000;63,000000
52,650000;44,000000;-0,000000;63,000000
52,700000;44,000000;-0,000000;63,000000
52,750000;44,000000;-0,000000;63,000000
52,800000;44,000000;-0,000000;63,000000
52,850000;44,000000;0,000000;63,000000
52,900000;44,000000;0,000000;63,000000
52,950000;44,000000;0,000000;63,000000
53,000000;44,000000;0,000000;63,000000
53,050000;44,000000;0,000000;63,000000
53,100000;44,000000;0,000000;63,000000
53,150000;44,000000;0,000000;63,000000
53,200000;44,000000;0,000000;63,000000
53,250000;44,000000;0,000000;63,000000
53,300000;44,000000;0,000000;63,000000
53,350000;44,000000;0,000000;63,000000
53,400000;44,000000;0,000000;63,000000
53,450000;44,000000;0,000000;63,000000
53,500000;44,000000;0,000000;63,000000
53,550000;44,000000;0,000000;63,000000
53,600000;44,000000;-0,000000;63,000000
53,650000;44,000000;-0,000000;63,000000
53,700000;44,000000;-0,000000;63,000000
53,750000;44,000000;-0,000000;63,000000
53,800000;44,000000;-0,000000;63,000000
53,850000;44,000000;-0,000000;63,000000
53,900000;44,000000;-0,000000;63,000000
53,950000;44,000000;-0,000000;63,000000
54,000000;44,000000;-0,000000;63,000000
54,050000;44,000000;-0,000000;63,000000
54,100000;44,000000;-0,000000;63,000000
54,150000;44,000000;-0,000000;63,000000
54,200000;44,000000;0,000000;63,000000
54,250000;44,000000;0,000000;63,000000
54,300000;44,000000;0,000000;63,000000
54,350000;44,000000;0,000000;63,000000
54,400000;44,000000;0,000000;63,000000
54,450000;44,000000;0,000000;63,000000
54,500000;44,000000;0,000000;63,000000
54,550000;44,000000;0,000000;63,000000
54,600000;44,000000;0,000000;63,000000
54,650000;44,000000;0,000000;63,000000
54,700000;44,000000;0,000000;63,000000
54,750000;44,000000;0,000000;63,000000
54,800000;44,000000;0,000000;63,000000
54,850000;44,000000;0,000000;63,000000
54,900000;44,000000;0,000000;63,000000
54,950000;44,000000;-0,000000;63,000000
55,000000;44,000000;-0,000000;63,000000
55,050000;44,000000;-0,000000;63,000000
55,100000;44,000000;-0,000000;63,000000
55,150000;44,000000;-0,000000;63,000000
55,200000;44,000000;-0,000000;63,000000
55,250000;44,000000;-0,000000;63,000000
55,300000;44,000000;-0,000000;63,000000
55,350000;44,000000;-0,000000;63,000000
55,400000;44,000000;-0,000000;63,000000
55,450000;44,000000;-0,000000;63,000000
55,500000;44,000000;0,000000;63,000000
55,550000;44,000000;0,000000;63,000000
55,600000;44,000000;0,000000;63,000000
55,650000;44,000000;0,000000;63,000000
55,700000;44,000000;0,000000;63,000000
55,750000;44,000000;0,000000;63,000000
55,800000;44,000000;0,000000;63,000000
55,850000;44,000000;0,000000;63,000000
55,900000;44,000000;0,000000;63,000000
55,950000;44,000000;0,000000;63,000000
56,000000;44,000000;0,000000;63,000000
56,050000;44,000000;0,000000;63,000000
56,100000;44,000000;0,000000;63,000000
56,150000;44,000000;0,000000;63,000000
56,200000;44,000000;-0,000000;63,000000
56,250000;44,000000;-0,000000;63,000000
56,300000;44,000000;-0,000000;63,000000
56,350000;44,000000;-0,000000;63,000000
56,400000;44,000000;-0,000000;63,000000
56,450000;44,000000;-0,000000;63,000000
56,500000;44,000000;-0,000000;63,000000
56,550000;44,000000;-0,000000;63,000000
56,600000;44,000000;-0,000000;63,000000
56,650000;44,000000;-0,000000;63,000000
56,700000;44,000000;-0,000000;63,000000
56,750000;44,000000;-0,000000;63,000000
56,800000;44,000000;0,000000;63,000000
56,850000;44,000000;0,000000;63,000000
56,900000;44,000000;0,000000;63,000000
56,950000;44,000000;0,000000;63,000000
57,000000;44,000000;0,000000;63,000000
57,050000;44,000000;0,000000;63,000000
57,100000;44,000000;0,000000;63,000000
57,150000;44,000000;0,000000;63,000000
57,200000;44,000000;0,000000;63,000000
57,250000;44,000000;0,000000;63,000000
57,300000;44,000000;0,000000;63,000000
57,350000;44,000000;0,000000;63,000000
57,400000;44,000000;0,000000;63,000000
57,450000;44,000000;0,000000;63,000000
57,500000;44,000000;-0,000000;63,000000
57,550000;44,000000;-0,000000;63,000000
57,600000;44,000000;-0,000000;63,000000
57,650000;44,000000;-0,000000;63,000000
57,700000;44,000000;-0,000000;63,000000
57,750000;44,000000;-0,000000;63,000000
57,800000;44,000000;-0,000000;63,000000
57,850000;44,000000;-0,000000;63,000000
57,900000;44,000000;-0,000000;63,000000
57,950000;44,000000;-0,000000;63,000000
58,000000;44,000000;-0,000000;63,000000
58,050000;44,000000;-0,000000;63,000000
58,100000;44,000000;-0,000000;63,000000
58,150000;44,000000;0,000000;63,000000
58,200000;44,000000;0,000000;63,000000
58,250000;44,000000;0,000000;63,000000
58,300000;44,000000;0,000000;63,000000
58,350000;44,000000;0,000000;63,000000
58,400000;44,000000;0,000000;63,000000
58,450000;44,000000;0,000000;63,000000
58,500000;44,000000;0,000000;63,000000
58,550000;44,000000;0,000000;63,000000
58,600000;44,000000;0,000000;63,000000
58,650000;44,000000;0,000000;63,000000
58,700000;44,000000;0,000000;63,000000
58,750000;44,000000;0,000000;63,000000
58,800000;44,000000;0,000000;63,000000
58,850000;44,000000;-0,000000;63,000000
58,900000;44,000000;-0,000000;63,000000
58,950000;44,000000;-0,000000;63,000000
59,000000;44,000000;-0,000000;63,000000
59,050000;44,000000;-0,000000;63,000000
59,100000;44,000000;-0,000000;63,000000
59,150000;44,000000;-0,000000;63,000000
59,200000;44,000000;-0,000000;63,000000
59,250000;44,000000;-0,000000;63,000000
59,300000;44,000000;-0,000000;63,000000
59,350000;44,000000;-0,000000;63,000000
59,400000;44,000000;-0,000000;63,000000
59,450000;44,000000;-0,000000;63,000000
59,500000;44,000000;-0,000000;63,000000
59,550000;44,000000;0,000000;63,000000
59,600000;44,000000;0,000000;63,000000
59,650000;44,000000;0,000000;63,000000
59,700000;44,000000;0,000000;63,000000
59,750000;44,000000;0,000000;63,000000
59,800000;44,000000;0,000000;63,000000
59,850000;44,000000;0,000000;63,000000
59,900000;44,000000;0,000000;63,000000
59,950000;44,000000;0,000000;63,000000
60,000000;44,000000;0,000000;63,000000
60,050000;44,000000;0,000000;63,000000
60,100000;44,000000;0,000000;63,000000
60,150000;44,000000;0,000000;63,000000
60,200000;44,000000;0,000000;63,000000
60,250000;44,000000;-0,000000;63,000000
60,300000;44,000000;-0,000000;63,000000
60,350000;44,000000;-0,000000;63,000000
60,400000;44,000000;-0,000000;63,000000
60,450000;44,000000;-0,000000;63,000000
60,500000;44,000000;-0,000000;63,000000
60,550000;44,000000;-0,000000;63,000000
60,600000;44,000000;-0,000000;63,000000
60,650000;44,000000;-0,000000;63,000000
60,700000;44,000000;-0,000000;63,000000
60,750000;44,000000;-0,000000;63,000000
60,800000;44,000000;-0,000000;63,000000
60,850000;44,000000;-0,000000;63,000000
60,900000;44,000000;0,000000;63,000000
60,950000;44,000000;0,000000;63,000000
61,000000;44,000000;0,000000;63,000000
61,050000;44,000000;0,000000;63,000000
61,100000;44,000000;0,000000;63,000000
61,150000;44,000000;0,000000;63,000000
61,200000;44,000000;0,000000;63,000000
61,250000;44,000000;0,000000;63,000000
61,300000;44,000000;0,000000;63,000000
61,350000;44,000000;0,000000;63,000000
61,400000;44,000000;0,000000;63,000000
61,450000;44,000000;0,000000;63,000000
61,500000;44,000000;0,000000;63,000000
61,550000;44,000000;0,000000;63,000000
61,600000;44,000000;0,000000;63,000000
61,650000;44,000000;-0,000000;63,000000
61,700000;44,000000;-0,000000;63,000000
61,750000;44,000000;-0,000000;63,000000
61,800000;44,000000;-0,000000;63,000000
61,850000;44,000000;-0,000000;63,000000
61,900000;44,000000;-0,000000;63,000000
61,950000;44,000000;-0,000000;63,000000
62,000000;44,000000;-0,000000;63,000000
62,050000;44,000000;-0,000000;63,000000
62,100000;44,000000;-0,000000;63,000000
62,150000;44,000000;-0,000000;63,000000
62,200000;44,000000;0,000000;63,000000
62,250000;44,000000;0,000000;63,000000
62,300000;44,000000;0,000000;63,000000
62,350000;44,000000;0,000000;63,000000
62,400000;44,000000;0,000000;63,000000
62,450000;44,000000;0,000000;63,000000
62,500000;44,000000;0,000000;63,000000
62,550000;44,000000;0,000000;63,000000
62,600000;44,000000;0,000000;63,000000
62,650000;44,000000;0,000000;63,000000
62,700000;44,000000;0,000000;63,000000
62,750000;44,000000;0,000000;63,000000
62,800000;44,000000;0,000000;63,000000
62,850000;44,000000;0,000000;63,000000
62,900000;44,000000;0,000000;63,000000
62,950000;44,000000;-0,000000;63,000000
63,000000;44,000000;-0,000000;63,000000
63,050000;44,000000;-0,000000;63,000000
63,100000;44,000000;-0,000000;63,000000
63,150000;44,000000;-0,000000;63,000000
63,200000;44,000000;-0,000000;63,000000
63,250000;44,000000;-0,000000;63,000000
63,300000;44,000000;-0,000000;63,000000
63,350000;44,000000;-0,000000;63,000000
63,400000;44,000000;-0,000000;63,000000
63,450000;44,000000;-0,000000;63,000000
63,500000;44,000000;0,000000;63,000000
63,550000;44,000000;0,000000;63,000000
63,600000;44,000000;0,000000;63,000000
63,650000;44,000000;0,000000;63,000000
63,700000;44,000000;0,000000;63,000000
63,750000;44,000000;0,000000;63,000000
63,800000;44,000000;0,000000;63,000000
63,850000;44,000000;0,000000;63,000000
63,900000;44,000000;0,000000;63,000000
63,950000;44,000000;0,000000;63,000000
64,000000;44,000000;0,000000;63,000000
64,050000;44,000000;0,000000;63,000000
64,100000;44,000000;0,000000;63,000000
64,150000;44,000000;0,000000;63,000000
64,200000;44,000000;-0,000000;63,000000
64,250000;44,000000;-0,000000;63,000000
64,300000;44,000000;-0,000000;63,000000
64,350000;44,000000;-0,000000;63,000000
64,400000;44,000000;-0,000000;63,000000
64,450000;44,000000;-0,000000;63,000000
64,500000;44,000000;-0,000000;63,000000
64,550000;44,000000;-0,000000;63,000000
64,600000;44,000000;-0,000000;63,000000
64,650000;44,000000;-0,000000;63,000000
64,700000;44,000000;-0,000000;63,000000
64,750000;44,000000;-0,000000;63,000000
64,800000;44,000000;-0,000000;63,000000
64,850000;44,000000;0,000000;63,000000
64,900000;44,000000;0,000000;63,000000
64,950000;44,000000;0,000000;63,000000
65,000000;44,000000;0,000000;63,000000
65,050000;44,000000;0,000000;63,000000
65,100000;44,000000;0,000000;63,000000
65,150000;44,000000;0,000000;63,000000
65,200000;44,000000;0,000000;63,000000
65,250000;44,000000;0,000000;63,000000
65,300000;44,000000;0,000000;63,000000
65,350000;44,000000;0,000000;63,000000
65,400000;44,000000;0,000000;63,000000
65,450000;44,000000;0,000000;63,000000
65,500000;44,000000;-0,000000;63,000000
65,550000;44,000000;-0,000000;63,000000
65,600000;44,000000;-0,000000;63,000000
65,650000;44,000000;-0,000000;63,000000
65,700000;44,000000;-0,000000;63,000000
65,750000;44,000000;-0,000000;63,000000
65,800000;44,000000;-0,000000;63,000000
65,850000;44,000000;-0,000000;63,000000
65,900000;44,000000;-0,000000;63,000000
65,950000;44,000000;-0,000000;63,000000
66,000000;44,000000;-0,000000;63,000000
66,050000;44,000000;-0,000000;63,000000
66,100000;44,000000;-0,000000;63,000000
66,150000;44,000000;-0,000000;63,000000
66,200000;44,000000;0,000000;63,000000
66,250000;44,000000;0,000000;63,000000
66,300000;44,000000;0,000000;63,000000
66,350000;44,000000;0,000000;63,000000
66,400000;44,000000;0,000000;63,000000
66,450000;44,000000;0,000000;63,000000
66,500000;44,000000;0,000000;63,000000
66,550000;44,000000;0,000000;63,000000
66,600000;44,000000;0,000000;63,000000
66,650000;44,000000;0,000000;63,000000
66,700000;44,000000;0,000000;63,000000
66,750000;44,000000;0,000000;63,000000
66,800000;44,000000;0,000000;63,000000
66,850000;44,000000;0,000000;63,000000
66,900000;44,000000;-0,000000;63,000000
66,950000;44,000000;-0,000000;63,000000
67,000000;44,000000;-0,000000;63,000000
67,050000;44,000000;-0,000000;63,000000
67,100000;44,000000;-0,000000;63,000000
67,150000;44,000000;-0,000000;63,000000
67,200000;44,000000;-0,000000;63,000000
67,250000;44,000000;-0,000000;63,000000
67,300000;44,000000;-0,000000;63,000000
67,350000;44,000000;-0,000000;63,000000
67,400000;44,000000;-0,000000;63,000000
67,450000;44,000000;-0,000000;63,000000
67,500000;44,000000;-0,000000;63,000000
67,550000;44,000000;-0,000000;63,000000
67,600000;44,000000;0,000000;63,000000
67,650000;44,000000;0,000000;63,000000
67,700000;44,000000;0,000000;63,000000
67,750000;44,000000;0,000000;63,000000
67,800000;44,000000;0,000000;63,000000
67,850000;44,000000;0,000000;63,000000
67,900000;44,000000;0,000000;63,000000
67,950000;44,000000;0,000000;63,000000
68,000000;44,000000;0,000000;63,000000
68,050000;44,000000;0,000000;63,000000
68,100000;44,000000;0,000000;63,000000
68,150000;44,000000;0,000000;63,000000
68,200000;44,000000;0,000000;63,000000
68,250000;44,000000;0,000000;63,000000
68,300000;44,000000;0,000000;63,000000
68,350000;44,000000;-0,000000;63,000000
68,400000;44,000000;-0,000000;63,000000
68,450000;44,000000;-0,000000;63,000000
68,500000;44,000000;-0,000000;63,000000
68,550000;44,000000;-0,000000;63,000000
68,600000;44,000000;-0,000000;63,000000
68,650000;44,000000;-0,000000;63,000000
68,700000;44,000000;-0,000000;63,000000
68,750000;44,000000;-0,000000;63,000000
68,800000;44,000000;-0,000000;63,000000
68,850000;44,000000;-0,000000;63,000000
68,900000;44,000000;0,000000;63,000000
68,950000;44,000000;0,000000;63,000000
69,000000;44,000000;0,000000;63,000000
69,050000;44,000000;0,000000;63,000000
69,100000;44,000000;0,000000;63,000000
69,150000;44,000000;0,000000;63,000000
69,200000;44,000000;0,000000;63,000000
69,250000;44,000000;0,000000;63,000000
69,300000;44,000000;0,000000;63,000000
69,350000;44,000000;0,000000;63,000000
69,400000;44,000000;0,000000;63,000000
69,450000;44,000000;0,000000;63,000000
69,500000;44,000000;0,000000;63,000000
69,550000;44,000000;0,000000;63,000000
69,600000;44,000000;0,000000;63,000000
69,650000;44,000000;-0,000000;63,000000
69,700000;44,000000;-0,000000;63,000000
69,750000;44,000000;-0,000000;63,000000
69,800000;44,000000;-0,000000;63,000000
69,850000;44,000000;-0,000000;63,000000
69,900000;44,000000;-0,000000;63,000000
69,950000;44,000000;-0,000000;63,000000
70,000000;44,000000;-0,000000;63,000000
70,050000;44,000000;-0,000000;63,000000
70,100000;44,000000;-0,000000;63,000000
70,150000;44,000000;-0,000000;63,000000
70,200000;44,000000;0,000000;63,000000
70,250000;44,000000;0,000000;63,000000
70,300000;44,000000;0,000000;63,000000
70,350000;44,000000;0,000000;63,000000
70,400000;44,000000;0,000000;63,000000
70,450000;44,000000;0,000000;63,000000
70,500000;44,000000;0,000000;63,000000
70,550000;44,000000;0,000000;63,000000
70,600000;44,000000;0,000000;63,000000
70,650000;44,000000;0,000000;63,000000
70,700000;44,000000;0,000000;63,000000
70,750000;44,000000;0,000000;63,000000
70,800000;44,000000;0,000000;63,000000
70,850000;44,000000;0,000000;63,000000
70,900000;44,000000;-0,000000;63,000000
70,950000;44,000000;-0,000000;63,000000
71,000000;44,000000;-0,000000;63,000000
71,050000;44,000000;-0,000000;63,000000
71,100000;44,000000;-0,000000;63,000000
71,150000;44,000000;-0,000000;63,000000
71,200000;44,000000;-0,000000;63,000000
71,250000;44,000000;-0,000000;63,000000
71,300000;44,000000;-0,000000;63,000000
71,350000;44,000000;-0,000000;63,000000
71,400000;44,000000;-0,000000;63,000000
71,450000;44,000000;-0,000000;63,000000
71,500000;44,000000;0,000000;63,000000
71,550000;44,000000;0,000000;63,000000
71,600000;44,000000;0,000000;63,000000
71,650000;44,000000;0,000000;63,000000
71,700000;44,000000;0,000000;63,000000
71,750000;44,000000;0,000000;63,000000
71,800000;44,000000;0,000000;63,000000
71,850000;44,000000;0,000000;63,000000
71,900000;44,000000;0,000000;63,000000
71,950000;44,000000;0,000000;63,000000
72,000000;44,000000;0,000000;63,000000
