tempo_h;R_X_g_L;R_P_g_L;R_abs_max_g_L
0,000000e+00;0,000000e+00;0,000000e+00;0,000000e+00
5,000000e-02;-1,261144e-15;-1,845746e-15;1,845746e-15
1,000000e-01;3,594347e-15;5,578871e-15;5,578871e-15
1,500000e-01;4,073131e-15;6,016021e-15;6,016021e-15
2,000000e-01;3,282097e-15;4,878042e-15;4,878042e-15
2,500000e-01;6,959711e-15;1,050549e-14;1,050549e-14
3,000000e-01;5,551115e-16;8,187895e-16;8,187895e-16
3,500000e-01;4,496403e-15;6,758483e-15;6,758483e-15
4,000000e-01;3,233525e-15;4,926615e-15;4,926615e-15
4,500000e-01;7,216450e-16;1,290634e-15;1,290634e-15
5,000000e-01;4,496403e-15;6,994405e-15;6,994405e-15
5,500000e-01;1,817990e-15;2,803313e-15;2,803313e-15
6,000000e-01;6,938894e-15;1,065814e-14;1,065814e-14
6,500000e-01;3,996803e-15;6,133982e-15;6,133982e-15
7,000000e-01;6,245005e-15;9,436896e-15;9,436896e-15
7,500000e-01;3,580469e-15;5,356826e-15;5,356826e-15
8,000000e-01;8,215650e-15;1,221245e-14;1,221245e-14
8,500000e-01;6,133982e-15;9,353629e-15;9,353629e-15
9,000000e-01;5,717649e-15;8,576473e-15;8,576473e-15
9,500000e-01;4,524159e-15;6,827872e-15;6,827872e-15
1,000000e+00;6,272760e-15;9,547918e-15;9,547918e-15
1,050000e+00;4,912737e-15;7,271961e-15;7,271961e-15
1,100000e+00;7,299716e-15;1,115774e-14;1,115774e-14
1,150000e+00;3,386180e-15;5,107026e-15;5,107026e-15
1,200000e+00;3,996803e-15;5,995204e-15;5,995204e-15
1,250000e+00;1,032507e-14;1,543210e-14;1,543210e-14
1,300000e+00;5,107026e-15;7,716050e-15;7,716050e-15
1,350000e+00;9,270362e-15;1,415534e-14;1,415534e-14
1,400000e+00;9,714451e-15;1,471046e-14;1,471046e-14
1,450000e+00;6,716849e-15;1,010303e-14;1,010303e-14
1,500000e+00;6,439294e-15;9,992007e-15;9,992007e-15
1,550000e+00;5,662137e-15;8,826273e-15;8,826273e-15
1,600000e+00;6,328271e-15;9,658940e-15;9,658940e-15
1,650000e+00;8,326673e-15;1,254552e-14;1,254552e-14
1,700000e+00;7,605028e-15;1,165734e-14;1,165734e-14
1,750000e+00;1,187939e-14;1,798561e-14;1,798561e-14
1,800000e+00;5,384582e-15;8,104628e-15;8,104628e-15
1,850000e+00;4,551914e-15;6,994405e-15;6,994405e-15
1,900000e+00;5,440093e-15;8,215650e-15;8,215650e-15
1,950000e+00;6,439294e-15;9,769963e-15;9,769963e-15
2,000000e+00;9,381385e-15;1,432188e-14;1,432188e-14
2,050000e+00;1,121325e-14;1,698641e-14;1,698641e-14
2,100000e+00;1,137979e-14;1,720846e-14;1,720846e-14
2,150000e+00;4,551914e-15;6,994405e-15;6,994405e-15
2,200000e+00;4,662937e-15;7,105427e-15;7,105427e-15
2,250000e+00;1,182388e-14;1,798561e-14;1,798561e-14
2,300000e+00;6,272760e-15;9,658940e-15;9,658940e-15
2,350000e+00;1,015854e-14;1,543210e-14;1,543210e-14
2,400000e+00;9,547918e-15;1,443290e-14;1,443290e-14
2,450000e+00;8,548717e-15;1,276756e-14;1,276756e-14
2,500000e+00;6,883383e-15;1,043610e-14;1,043610e-14
2,550000e+00;7,216450e-15;1,099121e-14;1,099121e-14
2,600000e+00;7,105427e-15;1,076916e-14;1,076916e-14
2,650000e+00;7,216450e-15;1,076916e-14;1,076916e-14
2,700000e+00;1,032507e-14;1,565414e-14;1,565414e-14
2,750000e+00;7,882583e-15;1,187939e-14;1,187939e-14
2,800000e+00;9,103829e-15;1,354472e-14;1,354472e-14
2,850000e+00;1,021405e-14;1,509903e-14;1,509903e-14
2,900000e+00;7,771561e-15;1,210143e-14;1,210143e-14
2,950000e+00;4,551914e-15;7,216450e-15;7,216450e-15
3,000000e+00;4,440892e-15;7,216450e-15;7,216450e-15
3,050000e+00;6,439294e-15;1,021405e-14;1,021405e-14
3,100000e+00;2,775558e-15;4,440892e-15;4,440892e-15
3,150000e+00;3,330669e-15;5,107026e-15;5,107026e-15
3,200000e+00;3,330669e-15;5,107026e-15;5,107026e-15
3,250000e+00;7,438494e-15;1,176836e-14;1,176836e-14
3,300000e+00;6,883383e-15;1,065814e-14;1,065814e-14
3,350000e+00;8,881784e-15;1,376677e-14;1,376677e-14
3,400000e+00;7,105427e-15;1,110223e-14;1,110223e-14
3,450000e+00;4,662937e-15;7,105427e-15;7,105427e-15
3,500000e+00;5,662137e-15;8,881784e-15;8,881784e-15
3,550000e+00;8,437695e-15;1,287859e-14;1,287859e-14
3,600000e+00;4,551914e-15;7,105427e-15;7,105427e-15
3,650000e+00;2,664535e-15;4,218847e-15;4,218847e-15
3,700000e+00;5,662137e-15;8,659740e-15;8,659740e-15
3,750000e+00;1,332268e-15;2,220446e-15;2,220446e-15
3,800000e+00;3,885781e-15;5,773160e-15;5,773160e-15
3,850000e+00;3,441691e-15;5,773160e-15;5,773160e-15
3,900000e+00;1,665335e-15;2,886580e-15;2,886580e-15
3,950000e+00;7,993606e-15;1,199041e-14;1,199041e-14
4,000000e+00;2,220446e-15;3,552714e-15;3,552714e-15
4,050000e+00;5,662137e-15;8,659740e-15;8,659740e-15
4,100000e+00;9,547918e-15;1,421085e-14;1,421085e-14
4,150000e+00;4,884981e-15;7,327472e-15;7,327472e-15
4,200000e+00;2,220446e-15;3,552714e-15;3,552714e-15
4,250000e+00;4,662937e-15;7,105427e-15;7,105427e-15
4,300000e+00;5,107026e-15;7,993606e-15;7,993606e-15
4,350000e+00;1,332268e-15;2,886580e-15;2,886580e-15
4,400000e+00;1,776357e-15;3,552714e-15;3,552714e-15
4,450000e+00;-2,220446e-15;-2,442491e-15;2,442491e-15
4,500000e+00;2,442491e-15;3,996803e-15;3,996803e-15
4,550000e+00;1,776357e-15;3,330669e-15;3,330669e-15
4,600000e+00;4,662937e-15;7,771561e-15;7,771561e-15
4,650000e+00;6,661338e-16;1,110223e-15;1,110223e-15
4,700000e+00;2,220446e-16;6,661338e-16;6,661338e-16
4,750000e+00;4,662937e-15;7,549517e-15;7,549517e-15
4,800000e+00;4,884981e-15;7,993606e-15;7,993606e-15
4,850000e+00;3,996803e-15;7,105427e-15;7,105427e-15
4,900000e+00;4,218847e-15;7,327472e-15;7,327472e-15
4,950000e+00;4,440892e-15;7,327472e-15;7,327472e-15
5,000000e+00;1,332268e-15;2,442491e-15;2,442491e-15
5,050000e+00;5,107026e-15;8,215650e-15;8,215650e-15
5,100000e+00;-4,440892e-16;-4,440892e-16;4,440892e-16
5,150000e+00;-1,998401e-15;-2,664535e-15;2,664535e-15
5,200000e+00;3,330669e-15;5,329071e-15;5,329071e-15
5,250000e+00;4,440892e-16;8,881784e-16;8,881784e-16
5,300000e+00;3,330669e-15;4,884981e-15;4,884981e-15
5,350000e+00;-8,881784e-16;-8,881784e-16;8,881784e-16
5,400000e+00;-2,220446e-15;-3,108624e-15;3,108624e-15
5,450000e+00;-2,220446e-15;-2,664535e-15;2,664535e-15
5,500000e+00;3,108624e-15;5,329071e-15;5,329071e-15
5,550000e+00;1,110223e-15;1,776357e-15;1,776357e-15
5,600000e+00;-2,220446e-15;-3,552714e-15;3,552714e-15
5,650000e+00;-1,554312e-15;-2,220446e-15;2,220446e-15
5,700000e+00;-1,554312e-15;-2,664535e-15;2,664535e-15
5,750000e+00;-2,220446e-15;-3,108624e-15;3,108624e-15
5,800000e+00;-2,664535e-15;-3,552714e-15;3,552714e-15
5,850000e+00;1,332268e-15;2,220446e-15;2,220446e-15
5,900000e+00;-2,664535e-15;-3,108624e-15;3,108624e-15
5,950000e+00;-4,440892e-16;4,440892e-16;4,440892e-16
6,000000e+00;4,440892e-16;1,332268e-15;1,332268e-15
6,050000e+00;1,332268e-15;3,108624e-15;3,108624e-15
6,100000e+00;-8,881784e-16;-8,881784e-16;8,881784e-16
6,150000e+00;2,220446e-16;8,881784e-16;8,881784e-16
6,200000e+00;-1,998401e-15;-2,220446e-15;2,220446e-15
6,250000e+00;-3,996803e-15;-5,329071e-15;5,329071e-15
6,300000e+00;2,220446e-16;8,881784e-16;8,881784e-16
6,350000e+00;-6,217249e-15;-8,881784e-15;8,881784e-15
6,400000e+00;-5,107026e-15;-6,661338e-15;6,661338e-15
6,450000e+00;6,661338e-16;1,776357e-15;1,776357e-15
6,500000e+00;8,881784e-16;2,664535e-15;2,664535e-15
6,550000e+00;-1,554312e-15;-1,332268e-15;1,554312e-15
6,600000e+00;-5,551115e-15;-7,105427e-15;7,105427e-15
6,650000e+00;-3,996803e-15;-5,329071e-15;5,329071e-15
6,700000e+00;-6,217249e-15;-8,437695e-15;8,437695e-15
6,750000e+00;-1,332268e-15;-1,332268e-15;1,332268e-15
6,800000e+00;-8,881784e-16;0,000000e+00;8,881784e-16
6,850000e+00;-6,217249e-15;-7,993606e-15;7,993606e-15
6,900000e+00;-8,881784e-16;-4,440892e-16;8,881784e-16
6,950000e+00;-5,329071e-15;-6,661338e-15;6,661338e-15
7,000000e+00;-6,217249e-15;-7,993606e-15;7,993606e-15
7,050000e+00;-2,664535e-15;-3,108624e-15;3,108624e-15
7,100000e+00;-2,220446e-15;-1,776357e-15;2,220446e-15
7,150000e+00;4,440892e-16;1,332268e-15;1,332268e-15
7,200000e+00;-4,884981e-15;-6,217249e-15;6,217249e-15
7,250000e+00;-2,220446e-15;-3,108624e-15;3,108624e-15
7,300000e+00;-5,773160e-15;-7,993606e-15;7,993606e-15
7,350000e+00;-3,996803e-15;-5,773160e-15;5,773160e-15
7,400000e+00;4,440892e-16;4,440892e-16;4,440892e-16
7,450000e+00;8,881784e-16;1,776357e-15;1,776357e-15
7,500000e+00;-3,108624e-15;-4,440892e-15;4,440892e-15
7,550000e+00;4,440892e-16;8,881784e-16;8,881784e-16
7,600000e+00;-5,329071e-15;-7,549517e-15;7,549517e-15
7,650000e+00;-5,329071e-15;-7,993606e-15;7,993606e-15
7,700000e+00;1,776357e-15;3,108624e-15;3,108624e-15
7,750000e+00;8,881784e-16;1,332268e-15;1,332268e-15
7,800000e+00;-3,996803e-15;-5,329071e-15;5,329071e-15
7,850000e+00;-3,996803e-15;-5,329071e-15;5,329071e-15
7,900000e+00;0,000000e+00;8,881784e-16;8,881784e-16
7,950000e+00;-4,884981e-15;-7,105427e-15;7,105427e-15
8,000000e+00;-2,220446e-15;-2,664535e-15;2,664535e-15
8,050000e+00;-1,776357e-15;-1,776357e-15;1,776357e-15
8,100000e+00;-3,552714e-15;-4,440892e-15;4,440892e-15
8,150000e+00;2,220446e-15;3,552714e-15;3,552714e-15
8,200000e+00;-5,329071e-15;-7,105427e-15;7,105427e-15
8,250000e+00;-2,220446e-15;-3,552714e-15;3,552714e-15
8,300000e+00;-4,440892e-15;-5,329071e-15;5,329071e-15
8,350000e+00;-2,664535e-15;-2,664535e-15;2,664535e-15
8,400000e+00;-1,776357e-15;-2,664535e-15;2,664535e-15
8,450000e+00;4,440892e-16;1,776357e-15;1,776357e-15
8,500000e+00;-2,664535e-15;-2,664535e-15;2,664535e-15
8,550000e+00;-8,881784e-16;-8,881784e-16;8,881784e-16
8,600000e+00;-1,776357e-15;-2,664535e-15;2,664535e-15
8,650000e+00;-1,776357e-15;-2,664535e-15;2,664535e-15
8,700000e+00;-4,440892e-15;-6,217249e-15;6,217249e-15
8,750000e+00;-5,329071e-15;-8,881784e-15;8,881784e-15
8,800000e+00;-3,108624e-15;-5,329071e-15;5,329071e-15
8,850000e+00;-6,217249e-15;-9,769963e-15;9,769963e-15
8,900000e+00;-6,217249e-15;-9,769963e-15;9,769963e-15
8,950000e+00;-8,881784e-16;-1,776357e-15;1,776357e-15
9,000000e+00;-8,881784e-16;-1,776357e-15;1,776357e-15
9,050000e+00;-6,217249e-15;-9,769963e-15;9,769963e-15
9,100000e+00;-2,220446e-15;-4,440892e-15;4,440892e-15
9,150000e+00;-4,884981e-15;-7,993606e-15;7,993606e-15
9,200000e+00;-3,996803e-15;-7,105427e-15;7,105427e-15
9,250000e+00;-2,664535e-15;-4,440892e-15;4,440892e-15
9,300000e+00;-8,881784e-16;-3,552714e-15;3,552714e-15
9,350000e+00;-1,776357e-15;-4,440892e-15;4,440892e-15
9,400000e+00;-4,440892e-15;-7,105427e-15;7,105427e-15
9,450000e+00;0,000000e+00;0,000000e+00;0,000000e+00
9,500000e+00;-5,773160e-15;-1,065814e-14;1,065814e-14
9,550000e+00;-1,332268e-15;-2,664535e-15;2,664535e-15
9,600000e+00;-1,332268e-15;-3,552714e-15;3,552714e-15
9,650000e+00;-3,996803e-15;-7,105427e-15;7,105427e-15
9,700000e+00;-2,664535e-15;-5,329071e-15;5,329071e-15
9,750000e+00;-3,552714e-15;-6,217249e-15;6,217249e-15
9,800000e+00;-6,217249e-15;-1,154632e-14;1,154632e-14
9,850000e+00;-5,329071e-15;-9,769963e-15;9,769963e-15
9,900000e+00;-5,329071e-15;-1,065814e-14;1,065814e-14
9,950000e+00;-1,776357e-15;-6,217249e-15;6,217249e-15
1,000000e+01;0,000000e+00;-2,664535e-15;2,664535e-15
1,005000e+01;0,000000e+00;-3,552714e-15;3,552714e-15
1,010000e+01;-5,329071e-15;-1,065814e-14;1,065814e-14
1,015000e+01;-3,552714e-15;-8,881784e-15;8,881784e-15
1,020000e+01;0,000000e+00;-3,552714e-15;3,552714e-15
1,025000e+01;8,881784e-16;-2,664535e-15;2,664535e-15
1,030000e+01;2,664535e-15;2,664535e-15;2,664535e-15
1,035000e+01;1,776357e-15;8,881784e-16;1,776357e-15
1,040000e+01;1,776357e-15;8,881784e-16;1,776357e-15
1,045000e+01;0,000000e+00;-8,881784e-16;8,881784e-16
1,050000e+01;1,776357e-15;8,881784e-16;1,776357e-15
1,055000e+01;-2,664535e-15;-4,440892e-15;4,440892e-15
1,060000e+01;-1,776357e-15;-4,440892e-15;4,440892e-15
1,065000e+01;-1,776357e-15;-3,552714e-15;3,552714e-15
1,070000e+01;0,000000e+00;-8,881784e-16;8,881784e-16
1,075000e+01;8,881784e-16;8,881784e-16;8,881784e-16
1,080000e+01;3,552714e-15;5,329071e-15;5,329071e-15
1,085000e+01;3,552714e-15;4,440892e-15;4,440892e-15
1,090000e+01;0,000000e+00;-1,776357e-15;1,776357e-15
1,095000e+01;1,776357e-15;1,776357e-15;1,776357e-15
1,100000e+01;3,552714e-15;4,440892e-15;4,440892e-15
1,105000e+01;8,881784e-16;8,881784e-16;8,881784e-16
1,110000e+01;8,881784e-16;0,000000e+00;8,881784e-16
1,115000e+01;3,552714e-15;3,552714e-15;3,552714e-15
1,120000e+01;-8,881784e-16;-3,552714e-15;3,552714e-15
1,125000e+01;3,552714e-15;5,329071e-15;5,329071e-15
1,130000e+01;4,440892e-15;3,552714e-15;4,440892e-15
1,135000e+01;-1,776357e-15;-3,552714e-15;3,552714e-15
1,140000e+01;-2,664535e-15;-5,329071e-15;5,329071e-15
1,145000e+01;1,776357e-15;1,776357e-15;1,776357e-15
1,150000e+01;0,000000e+00;0,000000e+00;0,000000e+00
1,155000e+01;3,552714e-15;3,552714e-15;3,552714e-15
1,160000e+01;2,664535e-15;3,552714e-15;3,552714e-15
1,165000e+01;-8,881784e-16;-1,776357e-15;1,776357e-15
1,170000e+01;8,881784e-16;1,776357e-15;1,776357e-15
1,175000e+01;0,000000e+00;0,000000e+00;0,000000e+00
1,180000e+01;0,000000e+00;-1,776357e-15;1,776357e-15
1,185000e+01;4,440892e-15;5,329071e-15;5,329071e-15
1,190000e+01;-8,881784e-16;0,000000e+00;8,881784e-16
1,195000e+01;0,000000e+00;0,000000e+00;0,000000e+00
1,200000e+01;-1,776357e-15;-3,552714e-15;3,552714e-15
1,205000e+01;-1,776357e-15;-1,776357e-15;1,776357e-15
1,210000e+01;-1,776357e-15;-3,552714e-15;3,552714e-15
1,215000e+01;-8,881784e-16;-1,776357e-15;1,776357e-15
1,220000e+01;-8,881784e-16;-1,776357e-15;1,776357e-15
1,225000e+01;-8,881784e-16;-1,776357e-15;1,776357e-15
1,230000e+01;0,000000e+00;0,000000e+00;0,000000e+00
1,235000e+01;-8,881784e-16;-1,776357e-15;1,776357e-15
1,240000e+01;-2,664535e-15;-3,552714e-15;3,552714e-15
1,245000e+01;-1,776357e-15;-1,776357e-15;1,776357e-15
1,250000e+01;-1,776357e-15;-3,552714e-15;3,552714e-15
1,255000e+01;1,776357e-15;1,776357e-15;1,776357e-15
1,260000e+01;0,000000e+00;0,000000e+00;0,000000e+00
1,265000e+01;-1,776357e-15;-1,776357e-15;1,776357e-15
1,270000e+01;-2,664535e-15;-3,552714e-15;3,552714e-15
1,275000e+01;-1,776357e-15;-5,329071e-15;5,329071e-15
1,280000e+01;8,881784e-16;1,776357e-15;1,776357e-15
1,285000e+01;-1,776357e-15;-3,552714e-15;3,552714e-15
1,290000e+01;0,000000e+00;-1,776357e-15;1,776357e-15
1,295000e+01;-8,881784e-16;-3,552714e-15;3,552714e-15
1,300000e+01;8,881784e-16;0,000000e+00;8,881784e-16
1,305000e+01;-8,881784e-16;-1,776357e-15;1,776357e-15
1,310000e+01;8,881784e-16;0,000000e+00;8,881784e-16
1,315000e+01;8,881784e-16;0,000000e+00;8,881784e-16
1,320000e+01;-8,881784e-16;-3,552714e-15;3,552714e-15
1,325000e+01;8,881784e-16;0,000000e+00;8,881784e-16
1,330000e+01;1,776357e-15;0,000000e+00;1,776357e-15
1,335000e+01;-1,776357e-15;-3,552714e-15;3,552714e-15
1,340000e+01;-1,776357e-15;-5,329071e-15;5,329071e-15
1,345000e+01;-3,552714e-15;-1,776357e-15;3,552714e-15
1,350000e+01;0,000000e+00;0,000000e+00;0,000000e+00
1,355000e+01;-5,329071e-15;-3,552714e-15;5,329071e-15
1,360000e+01;0,000000e+00;0,000000e+00;0,000000e+00
1,365000e+01;-1,776357e-15;-1,776357e-15;1,776357e-15
1,370000e+01;-1,776357e-15;0,000000e+00;1,776357e-15
1,375000e+01;-1,776357e-15;-1,776357e-15;1,776357e-15
1,380000e+01;-1,776357e-15;-1,776357e-15;1,776357e-15
1,385000e+01;-3,552714e-15;-5,329071e-15;5,329071e-15
1,390000e+01;-1,776357e-15;0,000000e+00;1,776357e-15
1,395000e+01;-1,776357e-15;0,000000e+00;1,776357e-15
1,400000e+01;-1,776357e-15;-3,552714e-15;3,552714e-15
1,405000e+01;-3,552714e-15;-3,552714e-15;3,552714e-15
1,410000e+01;-1,776357e-15;-1,776357e-15;1,776357e-15
1,415000e+01;-5,329071e-15;-3,552714e-15;5,329071e-15
1,420000e+01;-1,776357e-15;0,000000e+00;1,776357e-15
1,425000e+01;0,000000e+00;0,000000e+00;0,000000e+00
1,430000e+01;-3,552714e-15;-3,552714e-15;3,552714e-15
1,435000e+01;-1,776357e-15;0,000000e+00;1,776357e-15
1,440000e+01;-3,552714e-15;-3,552714e-15;3,552714e-15
1,445000e+01;-1,776357e-15;-1,776357e-15;1,776357e-15
1,450000e+01;-3,552714e-15;-1,776357e-15;3,552714e-15
1,455000e+01;-1,776357e-15;0,000000e+00;1,776357e-15
1,460000e+01;-3,552714e-15;-3,552714e-15;3,552714e-15
1,465000e+01;0,000000e+00;1,776357e-15;1,776357e-15
1,470000e+01;-1,776357e-15;0,000000e+00;1,776357e-15
1,475000e+01;-3,552714e-15;-3,552714e-15;3,552714e-15
1,480000e+01;-1,776357e-15;1,776357e-15;1,776357e-15
1,485000e+01;0,000000e+00;3,552714e-15;3,552714e-15
1,490000e+01;-1,776357e-15;0,000000e+00;1,776357e-15
1,495000e+01;0,000000e+00;0,000000e+00;0,000000e+00
1,500000e+01;0,000000e+00;3,552714e-15;3,552714e-15
1,505000e+01;-3,552714e-15;-7,105427e-15;7,105427e-15
1,510000e+01;-5,329071e-15;-3,552714e-15;5,329071e-15
1,515000e+01;-5,329071e-15;-7,105427e-15;7,105427e-15
1,520000e+01;-1,776357e-15;0,000000e+00;1,776357e-15
1,525000e+01;-1,776357e-15;-3,552714e-15;3,552714e-15
1,530000e+01;-3,552714e-15;-3,552714e-15;3,552714e-15
1,535000e+01;-1,776357e-15;-3,552714e-15;3,552714e-15
1,540000e+01;-3,552714e-15;-7,105427e-15;7,105427e-15
1,545000e+01;-3,552714e-15;-7,105427e-15;7,105427e-15
1,550000e+01;-1,776357e-15;0,000000e+00;1,776357e-15
1,555000e+01;-1,776357e-15;-3,552714e-15;3,552714e-15
1,560000e+01;0,000000e+00;-3,552714e-15;3,552714e-15
1,565000e+01;-5,329071e-15;-7,105427e-15;7,105427e-15
1,570000e+01;-1,776357e-15;0,000000e+00;1,776357e-15
1,575000e+01;-1,776357e-15;-3,552714e-15;3,552714e-15
1,580000e+01;-1,776357e-15;0,000000e+00;1,776357e-15
1,585000e+01;-3,552714e-15;-7,105427e-15;7,105427e-15
1,590000e+01;-1,776357e-15;-3,552714e-15;3,552714e-15
1,595000e+01;-3,552714e-15;-7,105427e-15;7,105427e-15
1,600000e+01;0,000000e+00;-3,552714e-15;3,552714e-15
1,605000e+01;-3,552714e-15;-3,552714e-15;3,552714e-15
1,610000e+01;-3,552714e-15;-7,105427e-15;7,105427e-15
1,615000e+01;0,000000e+00;0,000000e+00;0,000000e+00
1,620000e+01;-1,776357e-15;0,000000e+00;1,776357e-15
1,625000e+01;-3,552714e-15;-3,552714e-15;3,552714e-15
1,630000e+01;-3,552714e-15;-3,552714e-15;3,552714e-15
1,635000e+01;-3,552714e-15;-3,552714e-15;3,552714e-15
1,640000e+01;-3,552714e-15;-3,552714e-15;3,552714e-15
1,645000e+01;-3,552714e-15;-3,552714e-15;3,552714e-15
1,650000e+01;0,000000e+00;0,000000e+00;0,000000e+00
1,655000e+01;-1,776357e-15;0,000000e+00;1,776357e-15
1,660000e+01;0,000000e+00;0,000000e+00;0,000000e+00
1,665000e+01;-3,552714e-15;-3,552714e-15;3,552714e-15
1,670000e+01;-7,105427e-15;-7,105427e-15;7,105427e-15
1,675000e+01;-5,329071e-15;-7,105427e-15;7,105427e-15
1,680000e+01;-7,105427e-15;-7,105427e-15;7,105427e-15
1,685000e+01;-7,105427e-15;-7,105427e-15;7,105427e-15
1,690000e+01;-3,552714e-15;-3,552714e-15;3,552714e-15
1,695000e+01;-5,329071e-15;-3,552714e-15;5,329071e-15
1,700000e+01;-7,105427e-15;-7,105427e-15;7,105427e-15
1,705000e+01;-5,329071e-15;-3,552714e-15;5,329071e-15
1,710000e+01;-5,329071e-15;-3,552714e-15;5,329071e-15
1,715000e+01;-5,329071e-15;-3,552714e-15;5,329071e-15
1,720000e+01;-3,552714e-15;-7,105427e-15;7,105427e-15
1,725000e+01;-7,105427e-15;-7,105427e-15;7,105427e-15
1,730000e+01;-3,552714e-15;-3,552714e-15;3,552714e-15
1,735000e+01;-3,552714e-15;-3,552714e-15;3,552714e-15
1,740000e+01;-7,105427e-15;-7,105427e-15;7,105427e-15
1,745000e+01;-3,552714e-15;-3,552714e-15;3,552714e-15
1,750000e+01;-3,552714e-15;-3,552714e-15;3,552714e-15
1,755000e+01;-7,105427e-15;-7,105427e-15;7,105427e-15
1,760000e+01;-7,105427e-15;-7,105427e-15;7,105427e-15
1,765000e+01;-7,105427e-15;-7,105427e-15;7,105427e-15
1,770000e+01;-7,105427e-15;-7,105427e-15;7,105427e-15
1,775000e+01;-7,105427e-15;-7,105427e-15;7,105427e-15
1,780000e+01;-7,105427e-15;-3,552714e-15;7,105427e-15
1,785000e+01;-3,552714e-15;-7,105427e-15;7,105427e-15
1,790000e+01;-7,105427e-15;-7,105427e-15;7,105427e-15
1,795000e+01;-3,552714e-15;-7,105427e-15;7,105427e-15
1,800000e+01;-7,105427e-15;-3,552714e-15;7,105427e-15
1,805000e+01;-7,105427e-15;-7,105427e-15;7,105427e-15
1,810000e+01;-7,105427e-15;-1,065814e-14;1,065814e-14
1,815000e+01;-7,105427e-15;-7,105427e-15;7,105427e-15
1,820000e+01;-3,552714e-15;-3,552714e-15;3,552714e-15
1,825000e+01;-7,105427e-15;-3,552714e-15;7,105427e-15
1,830000e+01;-7,105427e-15;-7,105427e-15;7,105427e-15
1,835000e+01;-3,552714e-15;-3,552714e-15;3,552714e-15
1,840000e+01;-3,552714e-15;0,000000e+00;3,552714e-15
1,845000e+01;-7,105427e-15;-3,552714e-15;7,105427e-15
1,850000e+01;-7,105427e-15;-3,552714e-15;7,105427e-15
1,855000e+01;-3,552714e-15;-3,552714e-15;3,552714e-15
1,860000e+01;-3,552714e-15;-3,552714e-15;3,552714e-15
1,865000e+01;-3,552714e-15;-3,552714e-15;3,552714e-15
1,870000e+01;-7,105427e-15;-3,552714e-15;7,105427e-15
1,875000e+01;-3,552714e-15;-3,552714e-15;3,552714e-15
1,880000e+01;-3,552714e-15;-7,105427e-15;7,105427e-15
1,885000e+01;-7,105427e-15;-3,552714e-15;7,105427e-15
1,890000e+01;-3,552714e-15;-3,552714e-15;3,552714e-15
1,895000e+01;-7,105427e-15;-7,105427e-15;7,105427e-15
1,900000e+01;-7,105427e-15;-7,105427e-15;7,105427e-15
1,905000e+01;-7,105427e-15;0,000000e+00;7,105427e-15
1,910000e+01;-3,552714e-15;0,000000e+00;3,552714e-15
1,915000e+01;-7,105427e-15;-7,105427e-15;7,105427e-15
1,920000e+01;-7,105427e-15;0,000000e+00;7,105427e-15
1,925000e+01;-7,105427e-15;-7,105427e-15;7,105427e-15
1,930000e+01;-7,105427e-15;-7,105427e-15;7,105427e-15
1,935000e+01;-3,552714e-15;0,000000e+00;3,552714e-15
1,940000e+01;-3,552714e-15;-7,105427e-15;7,105427e-15
1,945000e+01;-3,552714e-15;0,000000e+00;3,552714e-15
1,950000e+01;-3,552714e-15;-7,105427e-15;7,105427e-15
1,955000e+01;-7,105427e-15;-7,105427e-15;7,105427e-15
1,960000e+01;-7,105427e-15;-7,105427e-15;7,105427e-15
1,965000e+01;-3,552714e-15;0,000000e+00;3,552714e-15
1,970000e+01;-3,552714e-15;0,000000e+00;3,552714e-15
1,975000e+01;-3,552714e-15;-7,105427e-15;7,105427e-15
1,980000e+01;-3,552714e-15;-7,105427e-15;7,105427e-15
1,985000e+01;-7,105427e-15;-7,105427e-15;7,105427e-15
1,990000e+01;-3,552714e-15;-7,105427e-15;7,105427e-15
1,995000e+01;-7,105427e-15;0,000000e+00;7,105427e-15
2,000000e+01;-1,065814e-14;-7,105427e-15;1,065814e-14
2,005000e+01;-7,105427e-15;-7,105427e-15;7,105427e-15
2,010000e+01;-1,421085e-14;-7,105427e-15;1,421085e-14
2,015000e+01;-7,105427e-15;-7,105427e-15;7,105427e-15
2,020000e+01;-7,105427e-15;-7,105427e-15;7,105427e-15
2,025000e+01;-7,105427e-15;-7,105427e-15;7,105427e-15
2,030000e+01;-7,105427e-15;-7,105427e-15;7,105427e-15
2,035000e+01;-7,105427e-15;-7,105427e-15;7,105427e-15
2,040000e+01;-1,065814e-14;-7,105427e-15;1,065814e-14
2,045000e+01;-7,105427e-15;-7,105427e-15;7,105427e-15
2,050000e+01;-1,065814e-14;-7,105427e-15;1,065814e-14
2,055000e+01;-7,105427e-15;-7,105427e-15;7,105427e-15
2,060000e+01;-1,421085e-14;-1,421085e-14;1,421085e-14
2,065000e+01;-7,105427e-15;-7,105427e-15;7,105427e-15
2,070000e+01;-1,065814e-14;-7,105427e-15;1,065814e-14
2,075000e+01;-1,065814e-14;-1,421085e-14;1,421085e-14
2,080000e+01;-1,065814e-14;-7,105427e-15;1,065814e-14
2,085000e+01;-1,065814e-14;-7,105427e-15;1,065814e-14
2,090000e+01;-1,065814e-14;-7,105427e-15;1,065814e-14
2,095000e+01;-1,065814e-14;-1,421085e-14;1,421085e-14
2,100000e+01;-1,065814e-14;-7,105427e-15;1,065814e-14
2,105000e+01;-1,421085e-14;-2,131628e-14;2,131628e-14
2,110000e+01;-3,552714e-15;0,000000e+00;3,552714e-15
2,115000e+01;-7,105427e-15;0,000000e+00;7,105427e-15
2,120000e+01;-7,105427e-15;-7,105427e-15;7,105427e-15
2,125000e+01;-1,065814e-14;-7,105427e-15;1,065814e-14
2,130000e+01;-7,105427e-15;0,000000e+00;7,105427e-15
2,135000e+01;-1,065814e-14;0,000000e+00;1,065814e-14
2,140000e+01;-7,105427e-15;-7,105427e-15;7,105427e-15
2,145000e+01;-3,552714e-15;0,000000e+00;3,552714e-15
2,150000e+01;-7,105427e-15;0,000000e+00;7,105427e-15
2,155000e+01;-7,105427e-15;0,000000e+00;7,105427e-15
2,160000e+01;-7,105427e-15;-7,105427e-15;7,105427e-15
2,165000e+01;-7,105427e-15;0,000000e+00;7,105427e-15
2,170000e+01;-1,421085e-14;-7,105427e-15;1,421085e-14
2,175000e+01;-7,105427e-15;0,000000e+00;7,105427e-15
2,180000e+01;-7,105427e-15;-7,105427e-15;7,105427e-15
2,185000e+01;-7,105427e-15;-7,105427e-15;7,105427e-15
2,190000e+01;-7,105427e-15;0,000000e+00;7,105427e-15
2,195000e+01;-7,105427e-15;0,000000e+00;7,105427e-15
2,200000e+01;-7,105427e-15;0,000000e+00;7,105427e-15
2,205000e+01;-7,105427e-15;-7,105427e-15;7,105427e-15
2,210000e+01;-7,105427e-15;-7,105427e-15;7,105427e-15
2,215000e+01;-7,105427e-15;-7,105427e-15;7,105427e-15
2,220000e+01;-7,105427e-15;0,000000e+00;7,105427e-15
2,225000e+01;-7,105427e-15;-7,105427e-15;7,105427e-15
2,230000e+01;-7,105427e-15;0,000000e+00;7,105427e-15
2,235000e+01;-7,105427e-15;-7,105427e-15;7,105427e-15
2,240000e+01;0,000000e+00;-7,105427e-15;7,105427e-15
2,245000e+01;-7,105427e-15;0,000000e+00;7,105427e-15
2,250000e+01;-7,105427e-15;-7,105427e-15;7,105427e-15
2,255000e+01;-7,105427e-15;-7,105427e-15;7,105427e-15
2,260000e+01;-7,105427e-15;0,000000e+00;7,105427e-15
2,265000e+01;0,000000e+00;0,000000e+00;0,000000e+00
2,270000e+01;-7,105427e-15;0,000000e+00;7,105427e-15
2,275000e+01;-7,105427e-15;0,000000e+00;7,105427e-15
2,280000e+01;-1,421085e-14;-7,105427e-15;1,421085e-14
2,285000e+01;-7,105427e-15;0,000000e+00;7,105427e-15
2,290000e+01;-7,105427e-15;7,105427e-15;7,105427e-15
2,295000e+01;-7,105427e-15;0,000000e+00;7,105427e-15
2,300000e+01;-7,105427e-15;7,105427e-15;7,105427e-15
2,305000e+01;-1,421085e-14;7,105427e-15;1,421085e-14
2,310000e+01;-7,105427e-15;-7,105427e-15;7,105427e-15
2,315000e+01;-7,105427e-15;0,000000e+00;7,105427e-15
2,320000e+01;-7,105427e-15;7,105427e-15;7,105427e-15
2,325000e+01;-7,105427e-15;0,000000e+00;7,105427e-15
2,330000e+01;-7,105427e-15;0,000000e+00;7,105427e-15
2,335000e+01;-7,105427e-15;7,105427e-15;7,105427e-15
2,340000e+01;-7,105427e-15;0,000000e+00;7,105427e-15
2,345000e+01;-7,105427e-15;0,000000e+00;7,105427e-15
2,350000e+01;-7,105427e-15;-7,105427e-15;7,105427e-15
2,355000e+01;-7,105427e-15;-7,105427e-15;7,105427e-15
2,360000e+01;0,000000e+00;-7,105427e-15;7,105427e-15
2,365000e+01;-7,105427e-15;0,000000e+00;7,105427e-15
2,370000e+01;-7,105427e-15;-7,105427e-15;7,105427e-15
2,375000e+01;-7,105427e-15;-7,105427e-15;7,105427e-15
2,380000e+01;-7,105427e-15;-7,105427e-15;7,105427e-15
2,385000e+01;-7,105427e-15;-7,105427e-15;7,105427e-15
2,390000e+01;0,000000e+00;-7,105427e-15;7,105427e-15
2,395000e+01;-7,105427e-15;-7,105427e-15;7,105427e-15
2,400000e+01;-7,105427e-15;-7,105427e-15;7,105427e-15
2,405000e+01;-7,105427e-15;-1,421085e-14;1,421085e-14
2,410000e+01;0,000000e+00;-7,105427e-15;7,105427e-15
2,415000e+01;0,000000e+00;0,000000e+00;0,000000e+00
2,420000e+01;-7,105427e-15;-1,421085e-14;1,421085e-14
2,425000e+01;7,105427e-15;0,000000e+00;7,105427e-15
2,430000e+01;-7,105427e-15;-7,105427e-15;7,105427e-15
2,435000e+01;-7,105427e-15;-1,421085e-14;1,421085e-14
2,440000e+01;0,000000e+00;-7,105427e-15;7,105427e-15
2,445000e+01;-7,105427e-15;-1,421085e-14;1,421085e-14
2,450000e+01;-7,105427e-15;-7,105427e-15;7,105427e-15
2,455000e+01;-7,105427e-15;-1,421085e-14;1,421085e-14
2,460000e+01;-7,105427e-15;-1,421085e-14;1,421085e-14
2,465000e+01;-7,105427e-15;-1,421085e-14;1,421085e-14
2,470000e+01;0,000000e+00;-1,421085e-14;1,421085e-14
2,475000e+01;-7,105427e-15;-1,421085e-14;1,421085e-14
2,480000e+01;-7,105427e-15;-1,421085e-14;1,421085e-14
2,485000e+01;-1,421085e-14;-1,421085e-14;1,421085e-14
2,490000e+01;-1,421085e-14;-2,131628e-14;2,131628e-14
2,495000e+01;-7,105427e-15;-1,421085e-14;1,421085e-14
2,500000e+01;-7,105427e-15;-1,421085e-14;1,421085e-14
2,505000e+01;-7,105427e-15;-2,131628e-14;2,131628e-14
2,510000e+01;-7,105427e-15;-7,105427e-15;7,105427e-15
2,515000e+01;-7,105427e-15;-1,421085e-14;1,421085e-14
2,520000e+01;-7,105427e-15;-7,105427e-15;7,105427e-15
2,525000e+01;-1,421085e-14;-7,105427e-15;1,421085e-14
2,530000e+01;-1,421085e-14;-1,421085e-14;1,421085e-14
2,535000e+01;-7,105427e-15;-7,105427e-15;7,105427e-15
2,540000e+01;-1,421085e-14;-2,131628e-14;2,131628e-14
2,545000e+01;-1,421085e-14;-7,105427e-15;1,421085e-14
2,550000e+01;-2,131628e-14;-1,421085e-14;2,131628e-14
2,555000e+01;-1,421085e-14;-7,105427e-15;1,421085e-14
2,560000e+01;-2,131628e-14;-7,105427e-15;2,131628e-14
2,565000e+01;-2,842171e-14;-1,421085e-14;2,842171e-14
2,570000e+01;-2,131628e-14;-7,105427e-15;2,131628e-14
2,575000e+01;-2,131628e-14;-7,105427e-15;2,131628e-14
2,580000e+01;-2,131628e-14;-1,421085e-14;2,131628e-14
2,585000e+01;-2,842171e-14;-1,421085e-14;2,842171e-14
2,590000e+01;-2,131628e-14;-1,421085e-14;2,131628e-14
2,595000e+01;-2,131628e-14;-1,421085e-14;2,131628e-14
2,600000e+01;-2,842171e-14;-7,105427e-15;2,842171e-14
2,605000e+01;-2,842171e-14;-1,421085e-14;2,842171e-14
2,610000e+01;-3,552714e-14;-2,131628e-14;3,552714e-14
2,615000e+01;-2,842171e-14;-2,131628e-14;2,842171e-14
2,620000e+01;-3,552714e-14;-2,131628e-14;3,552714e-14
2,625000e+01;-2,842171e-14;-1,421085e-14;2,842171e-14
2,630000e+01;-2,842171e-14;-1,421085e-14;2,842171e-14
2,635000e+01;-2,131628e-14;-7,105427e-15;2,131628e-14
2,640000e+01;-2,131628e-14;-1,421085e-14;2,131628e-14
2,645000e+01;-2,131628e-14;-2,131628e-14;2,131628e-14
2,650000e+01;-2,131628e-14;-2,131628e-14;2,131628e-14
2,655000e+01;-2,131628e-14;-1,421085e-14;2,131628e-14
2,660000e+01;-2,842171e-14;-1,421085e-14;2,842171e-14
2,665000e+01;-2,131628e-14;-2,131628e-14;2,131628e-14
2,670000e+01;-2,131628e-14;-7,105427e-15;2,131628e-14
2,675000e+01;-2,131628e-14;-1,421085e-14;2,131628e-14
2,680000e+01;-2,131628e-14;-1,421085e-14;2,131628e-14
2,685000e+01;-2,131628e-14;-2,131628e-14;2,131628e-14
2,690000e+01;-2,842171e-14;-1,421085e-14;2,842171e-14
2,695000e+01;-2,131628e-14;-1,421085e-14;2,131628e-14
2,700000e+01;-2,131628e-14;-7,105427e-15;2,131628e-14
2,705000e+01;-2,842171e-14;-7,105427e-15;2,842171e-14
2,710000e+01;-2,842171e-14;-1,421085e-14;2,842171e-14
2,715000e+01;-2,842171e-14;-2,131628e-14;2,842171e-14
2,720000e+01;-2,131628e-14;-1,421085e-14;2,131628e-14
2,725000e+01;-2,842171e-14;-1,421085e-14;2,842171e-14
2,730000e+01;-2,131628e-14;-1,421085e-14;2,131628e-14
2,735000e+01;-2,131628e-14;-1,421085e-14;2,131628e-14
2,740000e+01;-2,842171e-14;-1,421085e-14;2,842171e-14
2,745000e+01;-2,131628e-14;-1,421085e-14;2,131628e-14
2,750000e+01;-2,131628e-14;-1,421085e-14;2,131628e-14
2,755000e+01;-2,842171e-14;-1,421085e-14;2,842171e-14
2,760000e+01;-2,842171e-14;-1,421085e-14;2,842171e-14
2,765000e+01;-2,842171e-14;-1,421085e-14;2,842171e-14
2,770000e+01;-2,842171e-14;-1,421085e-14;2,842171e-14
2,775000e+01;-2,842171e-14;-7,105427e-15;2,842171e-14
2,780000e+01;-2,131628e-14;-7,105427e-15;2,131628e-14
2,785000e+01;-2,842171e-14;-1,421085e-14;2,842171e-14
2,790000e+01;-2,131628e-14;-7,105427e-15;2,131628e-14
2,795000e+01;-2,842171e-14;-7,105427e-15;2,842171e-14
2,800000e+01;-2,842171e-14;-1,421085e-14;2,842171e-14
2,805000e+01;-2,842171e-14;-7,105427e-15;2,842171e-14
2,810000e+01;-2,842171e-14;-1,421085e-14;2,842171e-14
2,815000e+01;-2,842171e-14;0,000000e+00;2,842171e-14
2,820000e+01;-2,842171e-14;-7,105427e-15;2,842171e-14
2,825000e+01;-2,842171e-14;-1,421085e-14;2,842171e-14
2,830000e+01;-2,842171e-14;0,000000e+00;2,842171e-14
2,835000e+01;-2,842171e-14;-1,421085e-14;2,842171e-14
2,840000e+01;-2,842171e-14;-1,421085e-14;2,842171e-14
2,845000e+01;-2,131628e-14;-7,105427e-15;2,131628e-14
2,850000e+01;-2,842171e-14;-1,421085e-14;2,842171e-14
2,855000e+01;-3,552714e-14;-1,421085e-14;3,552714e-14
2,860000e+01;-2,842171e-14;-1,421085e-14;2,842171e-14
2,865000e+01;-3,552714e-14;-1,421085e-14;3,552714e-14
2,870000e+01;-3,552714e-14;-2,131628e-14;3,552714e-14
2,875000e+01;-3,552714e-14;-7,105427e-15;3,552714e-14
2,880000e+01;-3,552714e-14;-1,421085e-14;3,552714e-14
2,885000e+01;-4,263256e-14;-1,421085e-14;4,263256e-14
2,890000e+01;-2,842171e-14;-1,421085e-14;2,842171e-14
2,895000e+01;-3,552714e-14;-1,421085e-14;3,552714e-14
2,900000e+01;-4,263256e-14;-2,131628e-14;4,263256e-14
2,905000e+01;-3,552714e-14;-1,421085e-14;3,552714e-14
2,910000e+01;-3,552714e-14;-7,105427e-15;3,552714e-14
2,915000e+01;-3,552714e-14;-2,131628e-14;3,552714e-14
2,920000e+01;-4,263256e-14;-2,131628e-14;4,263256e-14
2,925000e+01;-4,263256e-14;-2,131628e-14;4,263256e-14
2,930000e+01;-3,552714e-14;-2,131628e-14;3,552714e-14
2,935000e+01;-3,552714e-14;-1,421085e-14;3,552714e-14
2,940000e+01;-4,263256e-14;-2,131628e-14;4,263256e-14
2,945000e+01;-4,263256e-14;-2,131628e-14;4,263256e-14
2,950000e+01;-2,842171e-14;-7,105427e-15;2,842171e-14
2,955000e+01;-3,552714e-14;-1,421085e-14;3,552714e-14
2,960000e+01;-3,552714e-14;-2,131628e-14;3,552714e-14
2,965000e+01;-3,552714e-14;-7,105427e-15;3,552714e-14
2,970000e+01;-3,552714e-14;-7,105427e-15;3,552714e-14
2,975000e+01;-3,552714e-14;-1,421085e-14;3,552714e-14
2,980000e+01;-4,263256e-14;-1,421085e-14;4,263256e-14
2,985000e+01;-4,263256e-14;-1,421085e-14;4,263256e-14
2,990000e+01;-4,263256e-14;-2,131628e-14;4,263256e-14
2,995000e+01;-3,552714e-14;-7,105427e-15;3,552714e-14
3,000000e+01;-3,552714e-14;-1,421085e-14;3,552714e-14
3,005000e+01;-3,552714e-14;-7,105427e-15;3,552714e-14
3,010000e+01;-3,552714e-14;-7,105427e-15;3,552714e-14
3,015000e+01;-3,552714e-14;-7,105427e-15;3,552714e-14
3,020000e+01;-3,552714e-14;-7,105427e-15;3,552714e-14
3,025000e+01;-2,842171e-14;-7,105427e-15;2,842171e-14
3,030000e+01;-3,552714e-14;-7,105427e-15;3,552714e-14
3,035000e+01;-4,263256e-14;-1,421085e-14;4,263256e-14
3,040000e+01;-3,552714e-14;-1,421085e-14;3,552714e-14
3,045000e+01;-3,552714e-14;-7,105427e-15;3,552714e-14
3,050000e+01;-3,552714e-14;-7,105427e-15;3,552714e-14
3,055000e+01;-3,552714e-14;-1,421085e-14;3,552714e-14
3,060000e+01;-3,552714e-14;-2,131628e-14;3,552714e-14
3,065000e+01;-3,552714e-14;-1,421085e-14;3,552714e-14
3,070000e+01;-2,842171e-14;-7,105427e-15;2,842171e-14
3,075000e+01;-3,552714e-14;-1,421085e-14;3,552714e-14
3,080000e+01;-2,842171e-14;-1,421085e-14;2,842171e-14
3,085000e+01;-3,552714e-14;-2,131628e-14;3,552714e-14
3,090000e+01;-3,552714e-14;-2,131628e-14;3,552714e-14
3,095000e+01;-2,842171e-14;-7,105427e-15;2,842171e-14
3,100000e+01;-3,552714e-14;-1,421085e-14;3,552714e-14
3,105000e+01;-2,842171e-14;-7,105427e-15;2,842171e-14
3,110000e+01;-3,552714e-14;-1,421085e-14;3,552714e-14
3,115000e+01;-3,552714e-14;-7,105427e-15;3,552714e-14
3,120000e+01;-3,552714e-14;-1,421085e-14;3,552714e-14
3,125000e+01;-2,842171e-14;-7,105427e-15;2,842171e-14
3,130000e+01;-3,552714e-14;-1,421085e-14;3,552714e-14
3,135000e+01;-3,552714e-14;-1,421085e-14;3,552714e-14
3,140000e+01;-3,552714e-14;-1,421085e-14;3,552714e-14
3,145000e+01;-2,842171e-14;-1,421085e-14;2,842171e-14
3,150000e+01;-2,842171e-14;-7,105427e-15;2,842171e-14
3,155000e+01;-3,552714e-14;-7,105427e-15;3,552714e-14
3,160000e+01;-4,263256e-14;-2,131628e-14;4,263256e-14
3,165000e+01;-3,552714e-14;-2,131628e-14;3,552714e-14
3,170000e+01;-3,552714e-14;-1,421085e-14;3,552714e-14
3,175000e+01;-3,552714e-14;-2,131628e-14;3,552714e-14
3,180000e+01;-3,552714e-14;-1,421085e-14;3,552714e-14
3,185000e+01;-2,842171e-14;-7,105427e-15;2,842171e-14
3,190000e+01;-3,552714e-14;-1,421085e-14;3,552714e-14
3,195000e+01;-3,552714e-14;-1,421085e-14;3,552714e-14
3,200000e+01;-2,842171e-14;-7,105427e-15;2,842171e-14
3,205000e+01;-3,552714e-14;-1,421085e-14;3,552714e-14
3,210000e+01;-3,552714e-14;-1,421085e-14;3,552714e-14
3,215000e+01;-2,842171e-14;-7,105427e-15;2,842171e-14
3,220000e+01;-3,552714e-14;-1,421085e-14;3,552714e-14
3,225000e+01;-3,552714e-14;-7,105427e-15;3,552714e-14
3,230000e+01;-3,552714e-14;-1,421085e-14;3,552714e-14
3,235000e+01;-2,842171e-14;-1,421085e-14;2,842171e-14
3,240000e+01;-2,842171e-14;-1,421085e-14;2,842171e-14
3,245000e+01;-2,842171e-14;-7,105427e-15;2,842171e-14
3,250000e+01;-3,552714e-14;-1,421085e-14;3,552714e-14
3,255000e+01;-2,842171e-14;-1,421085e-14;2,842171e-14
3,260000e+01;-2,842171e-14;-1,421085e-14;2,842171e-14
3,265000e+01;-2,842171e-14;-7,105427e-15;2,842171e-14
3,270000e+01;-2,842171e-14;-7,105427e-15;2,842171e-14
3,275000e+01;-3,552714e-14;-2,131628e-14;3,552714e-14
3,280000e+01;-2,842171e-14;-7,105427e-15;2,842171e-14
3,285000e+01;-2,842171e-14;-7,105427e-15;2,842171e-14
3,290000e+01;-2,842171e-14;-7,105427e-15;2,842171e-14
3,295000e+01;-2,842171e-14;-7,105427e-15;2,842171e-14
3,300000e+01;-2,842171e-14;-7,105427e-15;2,842171e-14
3,305000e+01;-2,842171e-14;-1,421085e-14;2,842171e-14
3,310000e+01;-2,842171e-14;-1,421085e-14;2,842171e-14
3,315000e+01;-3,552714e-14;-1,421085e-14;3,552714e-14
3,320000e+01;-2,842171e-14;-7,105427e-15;2,842171e-14
3,325000e+01;-2,842171e-14;-7,105427e-15;2,842171e-14
3,330000e+01;-2,842171e-14;-7,105427e-15;2,842171e-14
3,335000e+01;-2,131628e-14;-7,105427e-15;2,131628e-14
3,340000e+01;-2,842171e-14;-7,105427e-15;2,842171e-14
3,345000e+01;-2,131628e-14;-7,105427e-15;2,131628e-14
3,350000e+01;-2,131628e-14;-7,105427e-15;2,131628e-14
3,355000e+01;-2,842171e-14;-1,421085e-14;2,842171e-14
3,360000e+01;-2,842171e-14;-7,105427e-15;2,842171e-14
3,365000e+01;-2,131628e-14;-1,421085e-14;2,131628e-14
3,370000e+01;-2,842171e-14;-1,421085e-14;2,842171e-14
3,375000e+01;-2,131628e-14;0,000000e+00;2,131628e-14
3,380000e+01;-2,842171e-14;-7,105427e-15;2,842171e-14
3,385000e+01;-2,842171e-14;-1,421085e-14;2,842171e-14
3,390000e+01;-2,131628e-14;-7,105427e-15;2,131628e-14
3,395000e+01;-2,842171e-14;-1,421085e-14;2,842171e-14
3,400000e+01;-2,842171e-14;-1,421085e-14;2,842171e-14
3,405000e+01;-2,131628e-14;-7,105427e-15;2,131628e-14
3,410000e+01;-2,842171e-14;-1,421085e-14;2,842171e-14
3,415000e+01;-2,842171e-14;-1,421085e-14;2,842171e-14
3,420000e+01;-3,552714e-14;-1,421085e-14;3,552714e-14
3,425000e+01;-2,842171e-14;-7,105427e-15;2,842171e-14
3,430000e+01;-2,131628e-14;-1,421085e-14;2,131628e-14
3,435000e+01;-3,552714e-14;-1,421085e-14;3,552714e-14
3,440000e+01;-2,131628e-14;-7,105427e-15;2,131628e-14
3,445000e+01;-2,842171e-14;-1,421085e-14;2,842171e-14
3,450000e+01;-2,842171e-14;-1,421085e-14;2,842171e-14
3,455000e+01;-2,131628e-14;-7,105427e-15;2,131628e-14
3,460000e+01;-2,131628e-14;-7,105427e-15;2,131628e-14
3,465000e+01;-2,842171e-14;-7,105427e-15;2,842171e-14
3,470000e+01;-2,842171e-14;-2,131628e-14;2,842171e-14
3,475000e+01;-2,842171e-14;-1,421085e-14;2,842171e-14
3,480000e+01;-2,842171e-14;-2,131628e-14;2,842171e-14
3,485000e+01;-2,131628e-14;-1,421085e-14;2,131628e-14
3,490000e+01;-2,842171e-14;-1,421085e-14;2,842171e-14
3,495000e+01;-2,131628e-14;-7,105427e-15;2,131628e-14
3,500000e+01;-2,131628e-14;-1,421085e-14;2,131628e-14
3,505000e+01;-2,842171e-14;-1,421085e-14;2,842171e-14
3,510000e+01;-2,131628e-14;-1,421085e-14;2,131628e-14
3,515000e+01;-2,842171e-14;-7,105427e-15;2,842171e-14
3,520000e+01;-2,131628e-14;-7,105427e-15;2,131628e-14
3,525000e+01;-2,842171e-14;-7,105427e-15;2,842171e-14
3,530000e+01;-2,842171e-14;-1,421085e-14;2,842171e-14
3,535000e+01;-2,842171e-14;-1,421085e-14;2,842171e-14
3,540000e+01;-2,842171e-14;-7,105427e-15;2,842171e-14
3,545000e+01;-3,552714e-14;-1,421085e-14;3,552714e-14
3,550000e+01;-2,842171e-14;-1,421085e-14;2,842171e-14
3,555000e+01;-2,842171e-14;-1,421085e-14;2,842171e-14
3,560000e+01;-2,842171e-14;-1,421085e-14;2,842171e-14
3,565000e+01;-2,131628e-14;-1,421085e-14;2,131628e-14
3,570000e+01;-2,842171e-14;-1,421085e-14;2,842171e-14
3,575000e+01;-2,842171e-14;-2,131628e-14;2,842171e-14
3,580000e+01;-2,842171e-14;-1,421085e-14;2,842171e-14
3,585000e+01;-2,131628e-14;-1,421085e-14;2,131628e-14
3,590000e+01;-2,131628e-14;-2,131628e-14;2,131628e-14
3,595000e+01;-2,842171e-14;-1,421085e-14;2,842171e-14
3,600000e+01;-2,131628e-14;-7,105427e-15;2,131628e-14
3,605000e+01;-2,842171e-14;-1,421085e-14;2,842171e-14
3,610000e+01;-2,131628e-14;-7,105427e-15;2,131628e-14
3,615000e+01;-2,131628e-14;-1,421085e-14;2,131628e-14
3,620000e+01;-2,842171e-14;-1,421085e-14;2,842171e-14
3,625000e+01;-2,842171e-14;-1,421085e-14;2,842171e-14
3,630000e+01;-2,131628e-14;-7,105427e-15;2,131628e-14
3,635000e+01;-1,421085e-14;-7,105427e-15;1,421085e-14
3,640000e+01;-2,131628e-14;-7,105427e-15;2,131628e-14
3,645000e+01;-2,131628e-14;-7,105427e-15;2,131628e-14
3,650000e+01;-2,131628e-14;-7,105427e-15;2,131628e-14
3,655000e+01;-2,842171e-14;-1,421085e-14;2,842171e-14
3,660000e+01;-2,131628e-14;-7,105427e-15;2,131628e-14
3,665000e+01;-2,131628e-14;-7,105427e-15;2,131628e-14
3,670000e+01;-2,842171e-14;-1,421085e-14;2,842171e-14
3,675000e+01;-2,131628e-14;0,000000e+00;2,131628e-14
3,680000e+01;-2,131628e-14;-7,105427e-15;2,131628e-14
3,685000e+01;-2,842171e-14;-1,421085e-14;2,842171e-14
3,690000e+01;-2,842171e-14;-1,421085e-14;2,842171e-14
3,695000e+01;-2,842171e-14;-7,105427e-15;2,842171e-14
3,700000e+01;-2,131628e-14;-7,105427e-15;2,131628e-14
3,705000e+01;-2,842171e-14;-1,421085e-14;2,842171e-14
3,710000e+01;-2,842171e-14;-1,421085e-14;2,842171e-14
3,715000e+01;-2,131628e-14;-1,421085e-14;2,131628e-14
3,720000e+01;-2,131628e-14;-7,105427e-15;2,131628e-14
3,725000e+01;-2,131628e-14;-1,421085e-14;2,131628e-14
3,730000e+01;-2,131628e-14;-7,105427e-15;2,131628e-14
3,735000e+01;-2,842171e-14;-7,105427e-15;2,842171e-14
3,740000e+01;-2,131628e-14;-1,421085e-14;2,131628e-14
3,745000e+01;-2,131628e-14;-7,105427e-15;2,131628e-14
3,750000e+01;-2,131628e-14;-1,421085e-14;2,131628e-14
3,755000e+01;-2,842171e-14;-2,131628e-14;2,842171e-14
3,760000e+01;-2,131628e-14;-1,421085e-14;2,131628e-14
3,765000e+01;-2,131628e-14;-1,421085e-14;2,131628e-14
3,770000e+01;-2,131628e-14;-1,421085e-14;2,131628e-14
3,775000e+01;-2,131628e-14;-1,421085e-14;2,131628e-14
3,780000e+01;-2,131628e-14;-7,105427e-15;2,131628e-14
3,785000e+01;-2,131628e-14;-1,421085e-14;2,131628e-14
3,790000e+01;-2,131628e-14;-7,105427e-15;2,131628e-14
3,795000e+01;-2,131628e-14;-1,421085e-14;2,131628e-14
3,800000e+01;-2,131628e-14;-1,421085e-14;2,131628e-14
3,805000e+01;-2,131628e-14;-7,105427e-15;2,131628e-14
3,810000e+01;-2,842171e-14;-1,421085e-14;2,842171e-14
3,815000e+01;-2,131628e-14;-1,421085e-14;2,131628e-14
3,820000e+01;-2,842171e-14;-1,421085e-14;2,842171e-14
3,825000e+01;-2,131628e-14;-1,421085e-14;2,131628e-14
3,830000e+01;-2,131628e-14;-7,105427e-15;2,131628e-14
3,835000e+01;-2,131628e-14;-7,105427e-15;2,131628e-14
3,840000e+01;-2,131628e-14;-1,421085e-14;2,131628e-14
3,845000e+01;-1,421085e-14;0,000000e+00;1,421085e-14
3,850000e+01;-2,131628e-14;-1,421085e-14;2,131628e-14
3,855000e+01;-2,131628e-14;-1,421085e-14;2,131628e-14
3,860000e+01;-2,131628e-14;-1,421085e-14;2,131628e-14
3,865000e+01;-2,131628e-14;-2,131628e-14;2,131628e-14
3,870000e+01;-2,131628e-14;-1,421085e-14;2,131628e-14
3,875000e+01;-1,421085e-14;-7,105427e-15;1,421085e-14
3,880000e+01;-2,131628e-14;-7,105427e-15;2,131628e-14
3,885000e+01;-2,131628e-14;-7,105427e-15;2,131628e-14
3,890000e+01;-2,131628e-14;-1,421085e-14;2,131628e-14
3,895000e+01;-2,842171e-14;-2,131628e-14;2,842171e-14
3,900000e+01;-2,842171e-14;-2,131628e-14;2,842171e-14
3,905000e+01;-2,131628e-14;-1,421085e-14;2,131628e-14
3,910000e+01;-1,421085e-14;-1,421085e-14;1,421085e-14
3,915000e+01;-2,842171e-14;-1,421085e-14;2,842171e-14
3,920000e+01;-2,131628e-14;-7,105427e-15;2,131628e-14
3,925000e+01;-2,131628e-14;-1,421085e-14;2,131628e-14
3,930000e+01;-2,131628e-14;-2,131628e-14;2,131628e-14
3,935000e+01;-1,421085e-14;-1,421085e-14;1,421085e-14
3,940000e+01;-2,842171e-14;-2,131628e-14;2,842171e-14
3,945000e+01;-2,131628e-14;-1,421085e-14;2,131628e-14
3,950000e+01;-2,842171e-14;-2,131628e-14;2,842171e-14
3,955000e+01;-2,842171e-14;-1,421085e-14;2,842171e-14
3,960000e+01;-2,131628e-14;-7,105427e-15;2,131628e-14
3,965000e+01;-2,131628e-14;-7,105427e-15;2,131628e-14
3,970000e+01;-2,131628e-14;-1,421085e-14;2,131628e-14
3,975000e+01;-2,131628e-14;-1,421085e-14;2,131628e-14
3,980000e+01;-2,131628e-14;-1,421085e-14;2,131628e-14
3,985000e+01;-2,842171e-14;-2,131628e-14;2,842171e-14
3,990000e+01;-2,131628e-14;-7,105427e-15;2,131628e-14
3,995000e+01;-2,131628e-14;-1,421085e-14;2,131628e-14
4,000000e+01;-2,131628e-14;-1,421085e-14;2,131628e-14
4,005000e+01;-2,131628e-14;-1,421085e-14;2,131628e-14
4,010000e+01;-2,842171e-14;-2,131628e-14;2,842171e-14
4,015000e+01;-2,131628e-14;-2,131628e-14;2,131628e-14
4,020000e+01;-1,421085e-14;-1,421085e-14;1,421085e-14
4,025000e+01;-1,421085e-14;-2,131628e-14;2,131628e-14
4,030000e+01;-2,842171e-14;-2,131628e-14;2,842171e-14
4,035000e+01;-2,131628e-14;-2,131628e-14;2,131628e-14
4,040000e+01;-1,421085e-14;-2,131628e-14;2,131628e-14
4,045000e+01;-2,131628e-14;-2,131628e-14;2,131628e-14
4,050000e+01;-2,131628e-14;-1,421085e-14;2,131628e-14
4,055000e+01;-1,421085e-14;-1,421085e-14;1,421085e-14
4,060000e+01;-1,421085e-14;-1,421085e-14;1,421085e-14
4,065000e+01;-2,131628e-14;-1,421085e-14;2,131628e-14
4,070000e+01;-2,131628e-14;-1,421085e-14;2,131628e-14
4,075000e+01;-2,131628e-14;-1,421085e-14;2,131628e-14
4,080000e+01;-2,131628e-14;-2,131628e-14;2,131628e-14
4,085000e+01;-2,131628e-14;-1,421085e-14;2,131628e-14
4,090000e+01;-2,131628e-14;-1,421085e-14;2,131628e-14
4,095000e+01;-1,421085e-14;-1,421085e-14;1,421085e-14
4,100000e+01;-1,421085e-14;-1,421085e-14;1,421085e-14
4,105000e+01;-2,131628e-14;-2,131628e-14;2,131628e-14
4,110000e+01;-2,131628e-14;-2,131628e-14;2,131628e-14
4,115000e+01;-1,421085e-14;-1,421085e-14;1,421085e-14
4,120000e+01;-2,131628e-14;-2,131628e-14;2,131628e-14
4,125000e+01;-2,131628e-14;-1,421085e-14;2,131628e-14
4,130000e+01;-2,131628e-14;-1,421085e-14;2,131628e-14
4,135000e+01;-2,131628e-14;-2,131628e-14;2,131628e-14
4,140000e+01;-1,421085e-14;-1,421085e-14;1,421085e-14
4,145000e+01;-1,421085e-14;-1,421085e-14;1,421085e-14
4,150000e+01;-2,131628e-14;-2,131628e-14;2,131628e-14
4,155000e+01;-2,131628e-14;-7,105427e-15;2,131628e-14
4,160000e+01;-2,131628e-14;-2,131628e-14;2,131628e-14
4,165000e+01;-2,131628e-14;-1,421085e-14;2,131628e-14
4,170000e+01;-2,131628e-14;-2,131628e-14;2,131628e-14
4,175000e+01;-2,131628e-14;-1,421085e-14;2,131628e-14
4,180000e+01;-1,421085e-14;-1,421085e-14;1,421085e-14
4,185000e+01;-2,131628e-14;-1,421085e-14;2,131628e-14
4,190000e+01;-1,421085e-14;-1,421085e-14;1,421085e-14
4,195000e+01;-1,421085e-14;-7,105427e-15;1,421085e-14
4,200000e+01;-1,421085e-14;-7,105427e-15;1,421085e-14
4,205000e+01;-1,421085e-14;-1,421085e-14;1,421085e-14
4,210000e+01;-1,421085e-14;-7,105427e-15;1,421085e-14
4,215000e+01;-1,421085e-14;-7,105427e-15;1,421085e-14
4,220000e+01;-2,131628e-14;-7,105427e-15;2,131628e-14
4,225000e+01;-2,131628e-14;-1,421085e-14;2,131628e-14
4,230000e+01;-1,421085e-14;-1,421085e-14;1,421085e-14
4,235000e+01;-1,421085e-14;-1,421085e-14;1,421085e-14
4,240000e+01;-1,421085e-14;-7,105427e-15;1,421085e-14
4,245000e+01;-2,131628e-14;-1,421085e-14;2,131628e-14
4,250000e+01;-1,421085e-14;-1,421085e-14;1,421085e-14
4,255000e+01;-1,421085e-14;-2,131628e-14;2,131628e-14
4,260000e+01;-1,421085e-14;-1,421085e-14;1,421085e-14
4,265000e+01;-2,131628e-14;-1,421085e-14;2,131628e-14
4,270000e+01;-2,131628e-14;-2,131628e-14;2,131628e-14
4,275000e+01;-1,421085e-14;-1,421085e-14;1,421085e-14
4,280000e+01;-2,131628e-14;-2,131628e-14;2,131628e-14
4,285000e+01;-1,421085e-14;-7,105427e-15;1,421085e-14
4,290000e+01;-1,421085e-14;-7,105427e-15;1,421085e-14
4,295000e+01;-1,421085e-14;-1,421085e-14;1,421085e-14
4,300000e+01;-1,421085e-14;-1,421085e-14;1,421085e-14
4,305000e+01;-2,131628e-14;-2,131628e-14;2,131628e-14
4,310000e+01;-1,421085e-14;-7,105427e-15;1,421085e-14
4,315000e+01;-2,131628e-14;-1,421085e-14;2,131628e-14
4,320000e+01;-2,131628e-14;-1,421085e-14;2,131628e-14
4,325000e+01;-1,421085e-14;-1,421085e-14;1,421085e-14
4,330000e+01;-2,131628e-14;-2,131628e-14;2,131628e-14
4,335000e+01;-2,131628e-14;-2,131628e-14;2,131628e-14
4,340000e+01;-1,421085e-14;-1,421085e-14;1,421085e-14
4,345000e+01;-2,131628e-14;-1,421085e-14;2,131628e-14
4,350000e+01;-1,421085e-14;-7,105427e-15;1,421085e-14
4,355000e+01;-1,421085e-14;-1,421085e-14;1,421085e-14
4,360000e+01;-2,131628e-14;-1,421085e-14;2,131628e-14
4,365000e+01;-1,421085e-14;-1,421085e-14;1,421085e-14
4,370000e+01;-2,131628e-14;-2,131628e-14;2,131628e-14
4,375000e+01;-2,131628e-14;-2,131628e-14;2,131628e-14
4,380000e+01;-2,131628e-14;-1,421085e-14;2,131628e-14
4,385000e+01;-1,421085e-14;-1,421085e-14;1,421085e-14
4,390000e+01;-1,421085e-14;-1,421085e-14;1,421085e-14
4,395000e+01;-2,131628e-14;-2,131628e-14;2,131628e-14
4,400000e+01;-1,421085e-14;-7,105427e-15;1,421085e-14
4,405000e+01;-1,421085e-14;-1,421085e-14;1,421085e-14
4,410000e+01;-1,421085e-14;-1,421085e-14;1,421085e-14
4,415000e+01;-1,421085e-14;-7,105427e-15;1,421085e-14
4,420000e+01;-1,421085e-14;-1,421085e-14;1,421085e-14
4,425000e+01;-2,131628e-14;-1,421085e-14;2,131628e-14
4,430000e+01;-1,421085e-14;-1,421085e-14;1,421085e-14
4,435000e+01;-2,131628e-14;-7,105427e-15;2,131628e-14
4,440000e+01;-2,131628e-14;-2,131628e-14;2,131628e-14
4,445000e+01;-2,131628e-14;-1,421085e-14;2,131628e-14
4,450000e+01;-2,131628e-14;-1,421085e-14;2,131628e-14
4,455000e+01;-2,131628e-14;-1,421085e-14;2,131628e-14
4,460000e+01;-2,131628e-14;-1,421085e-14;2,131628e-14
4,465000e+01;-2,131628e-14;-1,421085e-14;2,131628e-14
4,470000e+01;-2,131628e-14;-1,421085e-14;2,131628e-14
4,475000e+01;-1,421085e-14;-7,105427e-15;1,421085e-14
4,480000e+01;-2,131628e-14;-1,421085e-14;2,131628e-14
4,485000e+01;-2,131628e-14;-1,421085e-14;2,131628e-14
4,490000e+01;-2,131628e-14;-2,131628e-14;2,131628e-14
4,495000e+01;-1,421085e-14;-1,421085e-14;1,421085e-14
4,500000e+01;-2,131628e-14;-1,421085e-14;2,131628e-14
4,505000e+01;-2,842171e-14;-2,131628e-14;2,842171e-14
4,510000e+01;-2,131628e-14;-1,421085e-14;2,131628e-14
4,515000e+01;-2,131628e-14;-7,105427e-15;2,131628e-14
4,520000e+01;-2,131628e-14;-2,131628e-14;2,131628e-14
4,525000e+01;-2,131628e-14;-2,131628e-14;2,131628e-14
4,530000e+01;-2,131628e-14;-2,131628e-14;2,131628e-14
4,535000e+01;-2,131628e-14;-1,421085e-14;2,131628e-14
4,540000e+01;-2,131628e-14;-2,131628e-14;2,131628e-14
4,545000e+01;-2,131628e-14;-1,421085e-14;2,131628e-14
4,550000e+01;-2,131628e-14;-2,131628e-14;2,131628e-14
4,555000e+01;-2,131628e-14;-1,421085e-14;2,131628e-14
4,560000e+01;-1,421085e-14;-1,421085e-14;1,421085e-14
4,565000e+01;-1,421085e-14;-1,421085e-14;1,421085e-14
4,570000e+01;-2,131628e-14;-2,131628e-14;2,131628e-14
4,575000e+01;-2,842171e-14;-2,131628e-14;2,842171e-14
4,580000e+01;-2,842171e-14;-2,131628e-14;2,842171e-14
4,585000e+01;-2,842171e-14;-2,131628e-14;2,842171e-14
4,590000e+01;-2,131628e-14;-2,842171e-14;2,842171e-14
4,595000e+01;-2,842171e-14;-2,131628e-14;2,842171e-14
4,600000e+01;-2,131628e-14;-1,421085e-14;2,131628e-14
4,605000e+01;-2,131628e-14;-2,131628e-14;2,131628e-14
4,610000e+01;-2,131628e-14;-1,421085e-14;2,131628e-14
4,615000e+01;-2,842171e-14;-2,131628e-14;2,842171e-14
4,620000e+01;-2,131628e-14;-2,131628e-14;2,131628e-14
4,625000e+01;-2,131628e-14;-2,131628e-14;2,131628e-14
4,630000e+01;-2,842171e-14;-2,131628e-14;2,842171e-14
4,635000e+01;-2,842171e-14;-2,842171e-14;2,842171e-14
4,640000e+01;-2,842171e-14;-2,131628e-14;2,842171e-14
4,645000e+01;-2,842171e-14;-2,842171e-14;2,842171e-14
4,650000e+01;-2,842171e-14;-2,131628e-14;2,842171e-14
4,655000e+01;-2,842171e-14;-2,131628e-14;2,842171e-14
4,660000e+01;-2,842171e-14;-2,842171e-14;2,842171e-14
4,665000e+01;-2,131628e-14;-2,131628e-14;2,131628e-14
4,670000e+01;-2,842171e-14;-2,842171e-14;2,842171e-14
4,675000e+01;-2,131628e-14;-1,421085e-14;2,131628e-14
4,680000e+01;-2,131628e-14;-1,421085e-14;2,131628e-14
4,685000e+01;-2,131628e-14;-2,131628e-14;2,131628e-14
4,690000e+01;-2,842171e-14;-2,131628e-14;2,842171e-14
4,695000e+01;-2,131628e-14;-2,131628e-14;2,131628e-14
4,700000e+01;-2,842171e-14;-1,421085e-14;2,842171e-14
4,705000e+01;-2,131628e-14;-7,105427e-15;2,131628e-14
4,710000e+01;-2,842171e-14;-2,131628e-14;2,842171e-14
4,715000e+01;-2,842171e-14;-2,131628e-14;2,842171e-14
4,720000e+01;-2,842171e-14;-1,421085e-14;2,842171e-14
4,725000e+01;-2,842171e-14;-1,421085e-14;2,842171e-14
4,730000e+01;-2,842171e-14;-1,421085e-14;2,842171e-14
4,735000e+01;-2,131628e-14;-2,131628e-14;2,131628e-14
4,740000e+01;-2,842171e-14;-2,131628e-14;2,842171e-14
4,745000e+01;-2,842171e-14;-2,131628e-14;2,842171e-14
4,750000e+01;-2,842171e-14;-1,421085e-14;2,842171e-14
4,755000e+01;-2,842171e-14;-1,421085e-14;2,842171e-14
4,760000e+01;-2,131628e-14;-1,421085e-14;2,131628e-14
4,765000e+01;-2,842171e-14;-2,131628e-14;2,842171e-14
4,770000e+01;-2,131628e-14;-1,421085e-14;2,131628e-14
4,775000e+01;-2,842171e-14;-1,421085e-14;2,842171e-14
4,780000e+01;-2,131628e-14;-1,421085e-14;2,131628e-14
4,785000e+01;-2,842171e-14;-1,421085e-14;2,842171e-14
4,790000e+01;-2,131628e-14;-1,421085e-14;2,131628e-14
4,795000e+01;-2,131628e-14;-1,421085e-14;2,131628e-14
4,800000e+01;-2,842171e-14;-2,131628e-14;2,842171e-14
4,805000e+01;-2,842171e-14;-2,131628e-14;2,842171e-14
4,810000e+01;-2,131628e-14;-1,421085e-14;2,131628e-14
4,815000e+01;-2,842171e-14;-1,421085e-14;2,842171e-14
4,820000e+01;-2,842171e-14;-2,131628e-14;2,842171e-14
4,825000e+01;-2,131628e-14;-1,421085e-14;2,131628e-14
4,830000e+01;-2,131628e-14;-7,105427e-15;2,131628e-14
4,835000e+01;-2,131628e-14;-1,421085e-14;2,131628e-14
4,840000e+01;-2,842171e-14;-1,421085e-14;2,842171e-14
4,845000e+01;-3,552714e-14;-2,131628e-14;3,552714e-14
4,850000e+01;-2,842171e-14;-1,421085e-14;2,842171e-14
4,855000e+01;-2,842171e-14;-2,131628e-14;2,842171e-14
4,860000e+01;-2,842171e-14;-1,421085e-14;2,842171e-14
4,865000e+01;-2,842171e-14;-2,131628e-14;2,842171e-14
4,870000e+01;-2,842171e-14;-2,131628e-14;2,842171e-14
4,875000e+01;-3,552714e-14;-2,131628e-14;3,552714e-14
4,880000e+01;-2,131628e-14;-1,421085e-14;2,131628e-14
4,885000e+01;-2,842171e-14;-1,421085e-14;2,842171e-14
4,890000e+01;-2,842171e-14;-2,131628e-14;2,842171e-14
4,895000e+01;-2,842171e-14;-1,421085e-14;2,842171e-14
4,900000e+01;-2,842171e-14;-1,421085e-14;2,842171e-14
4,905000e+01;-2,131628e-14;-1,421085e-14;2,131628e-14
4,910000e+01;-2,842171e-14;-1,421085e-14;2,842171e-14
4,915000e+01;-3,552714e-14;-2,131628e-14;3,552714e-14
4,920000e+01;-2,842171e-14;-1,421085e-14;2,842171e-14
4,925000e+01;-2,842171e-14;-2,131628e-14;2,842171e-14
4,930000e+01;-2,842171e-14;-1,421085e-14;2,842171e-14
4,935000e+01;-3,552714e-14;-2,131628e-14;3,552714e-14
4,940000e+01;-2,842171e-14;-1,421085e-14;2,842171e-14
4,945000e+01;-2,842171e-14;-2,131628e-14;2,842171e-14
4,950000e+01;-2,842171e-14;-2,131628e-14;2,842171e-14
4,955000e+01;-2,842171e-14;-1,421085e-14;2,842171e-14
4,960000e+01;-2,842171e-14;-1,421085e-14;2,842171e-14
4,965000e+01;-2,842171e-14;-2,131628e-14;2,842171e-14
4,970000e+01;-2,842171e-14;-1,421085e-14;2,842171e-14
4,975000e+01;-2,842171e-14;-2,131628e-14;2,842171e-14
4,980000e+01;-2,842171e-14;-1,421085e-14;2,842171e-14
4,985000e+01;-2,842171e-14;-1,421085e-14;2,842171e-14
4,990000e+01;-2,131628e-14;-1,421085e-14;2,131628e-14
4,995000e+01;-2,131628e-14;-7,105427e-15;2,131628e-14
5,000000e+01;-2,842171e-14;-2,131628e-14;2,842171e-14
5,005000e+01;-2,842171e-14;-1,421085e-14;2,842171e-14
5,010000e+01;-2,842171e-14;-1,421085e-14;2,842171e-14
5,015000e+01;-2,842171e-14;-2,131628e-14;2,842171e-14
5,020000e+01;-2,842171e-14;-2,131628e-14;2,842171e-14
5,025000e+01;-2,842171e-14;-1,421085e-14;2,842171e-14
5,030000e+01;-2,131628e-14;-7,105427e-15;2,131628e-14
5,035000e+01;-2,842171e-14;-2,131628e-14;2,842171e-14
5,040000e+01;-2,842171e-14;-1,421085e-14;2,842171e-14
5,045000e+01;-2,131628e-14;-1,421085e-14;2,131628e-14
5,050000e+01;-2,842171e-14;-2,131628e-14;2,842171e-14
5,055000e+01;-2,842171e-14;-2,131628e-14;2,842171e-14
5,060000e+01;-2,131628e-14;-2,131628e-14;2,131628e-14
5,065000e+01;-2,842171e-14;-7,105427e-15;2,842171e-14
5,070000e+01;-2,842171e-14;-1,421085e-14;2,842171e-14
5,075000e+01;-2,842171e-14;-1,421085e-14;2,842171e-14
5,080000e+01;-2,842171e-14;-1,421085e-14;2,842171e-14
5,085000e+01;-2,131628e-14;-1,421085e-14;2,131628e-14
5,090000e+01;-3,552714e-14;-2,131628e-14;3,552714e-14
5,095000e+01;-2,131628e-14;-1,421085e-14;2,131628e-14
5,100000e+01;-3,552714e-14;-2,131628e-14;3,552714e-14
5,105000e+01;-2,131628e-14;-2,131628e-14;2,131628e-14
5,110000e+01;-2,842171e-14;-2,131628e-14;2,842171e-14
5,115000e+01;-2,842171e-14;-1,421085e-14;2,842171e-14
5,120000e+01;-2,842171e-14;-1,421085e-14;2,842171e-14
5,125000e+01;-2,842171e-14;-2,131628e-14;2,842171e-14
5,130000e+01;-2,842171e-14;-2,131628e-14;2,842171e-14
5,135000e+01;-2,131628e-14;-1,421085e-14;2,131628e-14
5,140000e+01;-2,842171e-14;-2,131628e-14;2,842171e-14
5,145000e+01;-2,131628e-14;-7,105427e-15;2,131628e-14
5,150000e+01;-2,842171e-14;-1,421085e-14;2,842171e-14
5,155000e+01;-2,131628e-14;-1,421085e-14;2,131628e-14
5,160000e+01;-2,131628e-14;-1,421085e-14;2,131628e-14
5,165000e+01;-2,131628e-14;-1,421085e-14;2,131628e-14
5,170000e+01;-2,131628e-14;-7,105427e-15;2,131628e-14
5,175000e+01;-2,842171e-14;-2,131628e-14;2,842171e-14
5,180000e+01;-2,131628e-14;-1,421085e-14;2,131628e-14
5,185000e+01;-2,131628e-14;-1,421085e-14;2,131628e-14
5,190000e+01;-2,131628e-14;-1,421085e-14;2,131628e-14
5,195000e+01;-2,131628e-14;-1,421085e-14;2,131628e-14
5,200000e+01;-2,131628e-14;-1,421085e-14;2,131628e-14
5,205000e+01;-2,842171e-14;-2,131628e-14;2,842171e-14
5,210000e+01;-2,842171e-14;-1,421085e-14;2,842171e-14
5,215000e+01;-2,131628e-14;-7,105427e-15;2,131628e-14
5,220000e+01;-2,131628e-14;-1,421085e-14;2,131628e-14
5,225000e+01;-2,131628e-14;-1,421085e-14;2,131628e-14
5,230000e+01;-2,131628e-14;-1,421085e-14;2,131628e-14
5,235000e+01;-2,842171e-14;-1,421085e-14;2,842171e-14
5,240000e+01;-2,131628e-14;-2,131628e-14;2,131628e-14
5,245000e+01;-2,131628e-14;-1,421085e-14;2,131628e-14
5,250000e+01;-2,131628e-14;-7,105427e-15;2,131628e-14
5,255000e+01;-2,842171e-14;-2,131628e-14;2,842171e-14
5,260000e+01;-2,842171e-14;-1,421085e-14;2,842171e-14
5,265000e+01;-2,842171e-14;-1,421085e-14;2,842171e-14
5,270000e+01;-2,131628e-14;-7,105427e-15;2,131628e-14
5,275000e+01;-2,842171e-14;-1,421085e-14;2,842171e-14
5,280000e+01;-2,131628e-14;-1,421085e-14;2,131628e-14
5,285000e+01;-2,842171e-14;-1,421085e-14;2,842171e-14
5,290000e+01;-2,131628e-14;-1,421085e-14;2,131628e-14
5,295000e+01;-2,131628e-14;-2,131628e-14;2,131628e-14
5,300000e+01;-2,842171e-14;-1,421085e-14;2,842171e-14
5,305000e+01;-2,842171e-14;-1,421085e-14;2,842171e-14
5,310000e+01;-3,552714e-14;-1,421085e-14;3,552714e-14
5,315000e+01;-2,842171e-14;-2,131628e-14;2,842171e-14
5,320000e+01;-2,842171e-14;-1,421085e-14;2,842171e-14
5,325000e+01;-2,131628e-14;-7,105427e-15;2,131628e-14
5,330000e+01;-2,842171e-14;-1,421085e-14;2,842171e-14
5,335000e+01;-2,131628e-14;-7,105427e-15;2,131628e-14
5,340000e+01;-2,131628e-14;-1,421085e-14;2,131628e-14
5,345000e+01;-2,131628e-14;-7,105427e-15;2,131628e-14
5,350000e+01;-2,842171e-14;-1,421085e-14;2,842171e-14
5,355000e+01;-2,842171e-14;-1,421085e-14;2,842171e-14
5,360000e+01;-2,842171e-14;-1,421085e-14;2,842171e-14
5,365000e+01;-2,842171e-14;-7,105427e-15;2,842171e-14
5,370000e+01;-2,131628e-14;-2,131628e-14;2,131628e-14
5,375000e+01;-2,842171e-14;-1,421085e-14;2,842171e-14
5,380000e+01;-2,842171e-14;-1,421085e-14;2,842171e-14
5,385000e+01;-2,842171e-14;-2,131628e-14;2,842171e-14
5,390000e+01;-2,842171e-14;-2,131628e-14;2,842171e-14
5,395000e+01;-2,842171e-14;-1,421085e-14;2,842171e-14
5,400000e+01;-2,842171e-14;-1,421085e-14;2,842171e-14
5,405000e+01;-2,842171e-14;-1,421085e-14;2,842171e-14
5,410000e+01;-2,131628e-14;-7,105427e-15;2,131628e-14
5,415000e+01;-2,131628e-14;-1,421085e-14;2,131628e-14
5,420000e+01;-3,552714e-14;-1,421085e-14;3,552714e-14
5,425000e+01;-2,131628e-14;-1,421085e-14;2,131628e-14
5,430000e+01;-2,842171e-14;-1,421085e-14;2,842171e-14
5,435000e+01;-2,131628e-14;-7,105427e-15;2,131628e-14
5,440000e+01;-2,842171e-14;-1,421085e-14;2,842171e-14
5,445000e+01;-2,842171e-14;-7,105427e-15;2,842171e-14
5,450000e+01;-2,131628e-14;-1,421085e-14;2,131628e-14
5,455000e+01;-2,131628e-14;-1,421085e-14;2,131628e-14
5,460000e+01;-2,842171e-14;-2,131628e-14;2,842171e-14
5,465000e+01;-2,842171e-14;-2,131628e-14;2,842171e-14
5,470000e+01;-2,842171e-14;-2,131628e-14;2,842171e-14
5,475000e+01;-2,842171e-14;-2,131628e-14;2,842171e-14
5,480000e+01;-2,131628e-14;-1,421085e-14;2,131628e-14
5,485000e+01;-2,842171e-14;-1,421085e-14;2,842171e-14
5,490000e+01;-2,842171e-14;-1,421085e-14;2,842171e-14
5,495000e+01;-2,842171e-14;-7,105427e-15;2,842171e-14
5,500000e+01;-2,842171e-14;-2,131628e-14;2,842171e-14
5,505000e+01;-2,842171e-14;-7,105427e-15;2,842171e-14
5,510000e+01;-2,842171e-14;-1,421085e-14;2,842171e-14
5,515000e+01;-2,842171e-14;-2,131628e-14;2,842171e-14
5,520000e+01;-2,131628e-14;-7,105427e-15;2,131628e-14
5,525000e+01;-2,842171e-14;-1,421085e-14;2,842171e-14
5,530000e+01;-2,842171e-14;-7,105427e-15;2,842171e-14
5,535000e+01;-2,131628e-14;-7,105427e-15;2,131628e-14
5,540000e+01;-2,131628e-14;-1,421085e-14;2,131628e-14
5,545000e+01;-2,131628e-14;-7,105427e-15;2,131628e-14
5,550000e+01;-2,842171e-14;-1,421085e-14;2,842171e-14
5,555000e+01;-2,842171e-14;-7,105427e-15;2,842171e-14
5,560000e+01;-2,842171e-14;-2,131628e-14;2,842171e-14
5,565000e+01;-2,131628e-14;-7,105427e-15;2,131628e-14
5,570000e+01;-2,842171e-14;-1,421085e-14;2,842171e-14
5,575000e+01;-2,842171e-14;-1,421085e-14;2,842171e-14
5,580000e+01;-3,552714e-14;-1,421085e-14;3,552714e-14
5,585000e+01;-2,842171e-14;-1,421085e-14;2,842171e-14
5,590000e+01;-2,131628e-14;-7,105427e-15;2,131628e-14
5,595000e+01;-2,842171e-14;-1,421085e-14;2,842171e-14
5,600000e+01;-2,131628e-14;-7,105427e-15;2,131628e-14
5,605000e+01;-2,842171e-14;-1,421085e-14;2,842171e-14
5,610000e+01;-2,842171e-14;-1,421085e-14;2,842171e-14
5,615000e+01;-2,842171e-14;-1,421085e-14;2,842171e-14
5,620000e+01;-3,552714e-14;-2,131628e-14;3,552714e-14
5,625000e+01;-2,131628e-14;-7,105427e-15;2,131628e-14
5,630000e+01;-2,131628e-14;-7,105427e-15;2,131628e-14
5,635000e+01;-2,131628e-14;-7,105427e-15;2,131628e-14
5,640000e+01;-2,131628e-14;-7,105427e-15;2,131628e-14
5,645000e+01;-2,131628e-14;-7,105427e-15;2,131628e-14
5,650000e+01;-2,842171e-14;-7,105427e-15;2,842171e-14
5,655000e+01;-2,842171e-14;-2,131628e-14;2,842171e-14
5,660000e+01;-2,131628e-14;-7,105427e-15;2,131628e-14
5,665000e+01;-2,131628e-14;-2,131628e-14;2,131628e-14
5,670000e+01;-2,131628e-14;-1,421085e-14;2,131628e-14
5,675000e+01;-2,131628e-14;-1,421085e-14;2,131628e-14
5,680000e+01;-2,842171e-14;-2,131628e-14;2,842171e-14
5,685000e+01;-2,131628e-14;-2,131628e-14;2,131628e-14
5,690000e+01;-2,842171e-14;-1,421085e-14;2,842171e-14
5,695000e+01;-2,842171e-14;-2,131628e-14;2,842171e-14
5,700000e+01;-2,842171e-14;-2,131628e-14;2,842171e-14
5,705000e+01;-2,131628e-14;-1,421085e-14;2,131628e-14
5,710000e+01;-2,131628e-14;-1,421085e-14;2,131628e-14
5,715000e+01;-2,842171e-14;-1,421085e-14;2,842171e-14
5,720000e+01;-2,131628e-14;-1,421085e-14;2,131628e-14
5,725000e+01;-2,131628e-14;-1,421085e-14;2,131628e-14
5,730000e+01;-2,842171e-14;-1,421085e-14;2,842171e-14
5,735000e+01;-2,131628e-14;-2,131628e-14;2,131628e-14
5,740000e+01;-2,842171e-14;-2,131628e-14;2,842171e-14
5,745000e+01;-2,131628e-14;-1,421085e-14;2,131628e-14
5,750000e+01;-2,131628e-14;-7,105427e-15;2,131628e-14
5,755000e+01;-2,842171e-14;-1,421085e-14;2,842171e-14
5,760000e+01;-2,131628e-14;-1,421085e-14;2,131628e-14
5,765000e+01;-2,131628e-14;-7,105427e-15;2,131628e-14
5,770000e+01;-2,131628e-14;-1,421085e-14;2,131628e-14
5,775000e+01;-2,842171e-14;-2,131628e-14;2,842171e-14
5,780000e+01;-2,131628e-14;-1,421085e-14;2,131628e-14
5,785000e+01;-2,842171e-14;-2,131628e-14;2,842171e-14
5,790000e+01;-2,131628e-14;-1,421085e-14;2,131628e-14
5,795000e+01;-2,842171e-14;-1,421085e-14;2,842171e-14
5,800000e+01;-2,842171e-14;-1,421085e-14;2,842171e-14
5,805000e+01;-2,131628e-14;-1,421085e-14;2,131628e-14
5,810000e+01;-2,842171e-14;-1,421085e-14;2,842171e-14
5,815000e+01;-3,552714e-14;-2,131628e-14;3,552714e-14
5,820000e+01;-2,842171e-14;-2,131628e-14;2,842171e-14
5,825000e+01;-2,842171e-14;-1,421085e-14;2,842171e-14
5,830000e+01;-2,842171e-14;-2,131628e-14;2,842171e-14
5,835000e+01;-2,842171e-14;-1,421085e-14;2,842171e-14
5,840000e+01;-2,842171e-14;-2,131628e-14;2,842171e-14
5,845000e+01;-2,842171e-14;-2,131628e-14;2,842171e-14
5,850000e+01;-2,131628e-14;-1,421085e-14;2,131628e-14
5,855000e+01;-2,842171e-14;-1,421085e-14;2,842171e-14
5,860000e+01;-2,842171e-14;-1,421085e-14;2,842171e-14
5,865000e+01;-2,842171e-14;-2,131628e-14;2,842171e-14
5,870000e+01;-2,842171e-14;-1,421085e-14;2,842171e-14
5,875000e+01;-2,842171e-14;-2,131628e-14;2,842171e-14
5,880000e+01;-2,842171e-14;-1,421085e-14;2,842171e-14
5,885000e+01;-2,842171e-14;-1,421085e-14;2,842171e-14
5,890000e+01;-2,842171e-14;-2,842171e-14;2,842171e-14
5,895000e+01;-3,552714e-14;-2,131628e-14;3,552714e-14
5,900000e+01;-2,842171e-14;-1,421085e-14;2,842171e-14
5,905000e+01;-3,552714e-14;-1,421085e-14;3,552714e-14
5,910000e+01;-2,842171e-14;-1,421085e-14;2,842171e-14
5,915000e+01;-2,842171e-14;-1,421085e-14;2,842171e-14
5,920000e+01;-2,842171e-14;-7,105427e-15;2,842171e-14
5,925000e+01;-2,842171e-14;-2,131628e-14;2,842171e-14
5,930000e+01;-2,131628e-14;-2,131628e-14;2,131628e-14
5,935000e+01;-2,842171e-14;-2,131628e-14;2,842171e-14
5,940000e+01;-3,552714e-14;-2,131628e-14;3,552714e-14
5,945000e+01;-2,842171e-14;-1,421085e-14;2,842171e-14
5,950000e+01;-2,842171e-14;-2,131628e-14;2,842171e-14
5,955000e+01;-2,842171e-14;-1,421085e-14;2,842171e-14
5,960000e+01;-2,842171e-14;-2,842171e-14;2,842171e-14
5,965000e+01;-2,842171e-14;-1,421085e-14;2,842171e-14
5,970000e+01;-2,131628e-14;-1,421085e-14;2,131628e-14
5,975000e+01;-2,842171e-14;-7,105427e-15;2,842171e-14
5,980000e+01;-2,842171e-14;-2,131628e-14;2,842171e-14
5,985000e+01;-2,842171e-14;-1,421085e-14;2,842171e-14
5,990000e+01;-2,842171e-14;-1,421085e-14;2,842171e-14
5,995000e+01;-2,842171e-14;-1,421085e-14;2,842171e-14
6,000000e+01;-3,552714e-14;-2,131628e-14;3,552714e-14
6,005000e+01;-2,131628e-14;-7,105427e-15;2,131628e-14
6,010000e+01;-2,842171e-14;-1,421085e-14;2,842171e-14
6,015000e+01;-2,842171e-14;-1,421085e-14;2,842171e-14
6,020000e+01;-2,131628e-14;-1,421085e-14;2,131628e-14
6,025000e+01;-2,842171e-14;-2,131628e-14;2,842171e-14
6,030000e+01;-2,842171e-14;-2,131628e-14;2,842171e-14
6,035000e+01;-2,842171e-14;-1,421085e-14;2,842171e-14
6,040000e+01;-2,842171e-14;-2,131628e-14;2,842171e-14
6,045000e+01;-2,842171e-14;-1,421085e-14;2,842171e-14
6,050000e+01;-2,842171e-14;-2,131628e-14;2,842171e-14
6,055000e+01;-3,552714e-14;-2,131628e-14;3,552714e-14
6,060000e+01;-2,842171e-14;-2,131628e-14;2,842171e-14
6,065000e+01;-2,842171e-14;-1,421085e-14;2,842171e-14
6,070000e+01;-2,842171e-14;-1,421085e-14;2,842171e-14
6,075000e+01;-2,842171e-14;-1,421085e-14;2,842171e-14
6,080000e+01;-2,842171e-14;-2,131628e-14;2,842171e-14
6,085000e+01;-2,842171e-14;-1,421085e-14;2,842171e-14
6,090000e+01;-2,131628e-14;-1,421085e-14;2,131628e-14
6,095000e+01;-2,842171e-14;-1,421085e-14;2,842171e-14
6,100000e+01;-2,842171e-14;-2,131628e-14;2,842171e-14
6,105000e+01;-2,842171e-14;-1,421085e-14;2,842171e-14
6,110000e+01;-3,552714e-14;-2,131628e-14;3,552714e-14
6,115000e+01;-2,842171e-14;-7,105427e-15;2,842171e-14
6,120000e+01;-2,842171e-14;-2,131628e-14;2,842171e-14
6,125000e+01;-2,842171e-14;-1,421085e-14;2,842171e-14
6,130000e+01;-3,552714e-14;-2,131628e-14;3,552714e-14
6,135000e+01;-2,842171e-14;-2,131628e-14;2,842171e-14
6,140000e+01;-2,131628e-14;-2,131628e-14;2,131628e-14
6,145000e+01;-2,131628e-14;-1,421085e-14;2,131628e-14
6,150000e+01;-2,842171e-14;-2,131628e-14;2,842171e-14
6,155000e+01;-3,552714e-14;-1,421085e-14;3,552714e-14
6,160000e+01;-2,131628e-14;-1,421085e-14;2,131628e-14
6,165000e+01;-3,552714e-14;-2,131628e-14;3,552714e-14
6,170000e+01;-2,842171e-14;-2,131628e-14;2,842171e-14
6,175000e+01;-2,842171e-14;-2,131628e-14;2,842171e-14
6,180000e+01;-2,842171e-14;-2,131628e-14;2,842171e-14
6,185000e+01;-2,842171e-14;-1,421085e-14;2,842171e-14
6,190000e+01;-3,552714e-14;-2,842171e-14;3,552714e-14
6,195000e+01;-2,842171e-14;-1,421085e-14;2,842171e-14
6,200000e+01;-3,552714e-14;-2,131628e-14;3,552714e-14
6,205000e+01;-2,842171e-14;-1,421085e-14;2,842171e-14
6,210000e+01;-2,842171e-14;-1,421085e-14;2,842171e-14
6,215000e+01;-2,842171e-14;-7,105427e-15;2,842171e-14
6,220000e+01;-2,842171e-14;-1,421085e-14;2,842171e-14
6,225000e+01;-2,842171e-14;-1,421085e-14;2,842171e-14
6,230000e+01;-3,552714e-14;-1,421085e-14;3,552714e-14
6,235000e+01;-3,552714e-14;-2,131628e-14;3,552714e-14
6,240000e+01;-2,842171e-14;-1,421085e-14;2,842171e-14
6,245000e+01;-2,842171e-14;-1,421085e-14;2,842171e-14
6,250000e+01;-3,552714e-14;-1,421085e-14;3,552714e-14
6,255000e+01;-3,552714e-14;-2,131628e-14;3,552714e-14
6,260000e+01;-2,842171e-14;-1,421085e-14;2,842171e-14
6,265000e+01;-2,842171e-14;-2,131628e-14;2,842171e-14
6,270000e+01;-3,552714e-14;-1,421085e-14;3,552714e-14
6,275000e+01;-3,552714e-14;-2,131628e-14;3,552714e-14
6,280000e+01;-2,842171e-14;-7,105427e-15;2,842171e-14
6,285000e+01;-2,842171e-14;-2,131628e-14;2,842171e-14
6,290000e+01;-3,552714e-14;-2,131628e-14;3,552714e-14
6,295000e+01;-2,842171e-14;-7,105427e-15;2,842171e-14
6,300000e+01;-3,552714e-14;-1,421085e-14;3,552714e-14
6,305000e+01;-2,842171e-14;-7,105427e-15;2,842171e-14
6,310000e+01;-2,842171e-14;-7,105427e-15;2,842171e-14
6,315000e+01;-3,552714e-14;-2,131628e-14;3,552714e-14
6,320000e+01;-3,552714e-14;-7,105427e-15;3,552714e-14
6,325000e+01;-3,552714e-14;-2,131628e-14;3,552714e-14
6,330000e+01;-2,842171e-14;-1,421085e-14;2,842171e-14
6,335000e+01;-2,842171e-14;-1,421085e-14;2,842171e-14
6,340000e+01;-3,552714e-14;-1,421085e-14;3,552714e-14
6,345000e+01;-2,842171e-14;-7,105427e-15;2,842171e-14
6,350000e+01;-3,552714e-14;-1,421085e-14;3,552714e-14
6,355000e+01;-2,842171e-14;-1,421085e-14;2,842171e-14
6,360000e+01;-2,842171e-14;-7,105427e-15;2,842171e-14
6,365000e+01;-2,842171e-14;-1,421085e-14;2,842171e-14
6,370000e+01;-3,552714e-14;-1,421085e-14;3,552714e-14
6,375000e+01;-2,842171e-14;-1,421085e-14;2,842171e-14
6,380000e+01;-2,842171e-14;-7,105427e-15;2,842171e-14
6,385000e+01;-2,842171e-14;-1,421085e-14;2,842171e-14
6,390000e+01;-2,842171e-14;-1,421085e-14;2,842171e-14
6,395000e+01;-2,842171e-14;-2,131628e-14;2,842171e-14
6,400000e+01;-2,842171e-14;-7,105427e-15;2,842171e-14
6,405000e+01;-2,842171e-14;-7,105427e-15;2,842171e-14
6,410000e+01;-2,842171e-14;-1,421085e-14;2,842171e-14
6,415000e+01;-3,552714e-14;-2,131628e-14;3,552714e-14
6,420000e+01;-2,842171e-14;-7,105427e-15;2,842171e-14
6,425000e+01;-2,842171e-14;-7,105427e-15;2,842171e-14
6,430000e+01;-2,842171e-14;-7,105427e-15;2,842171e-14
6,435000e+01;-2,842171e-14;-1,421085e-14;2,842171e-14
6,440000e+01;-2,842171e-14;-7,105427e-15;2,842171e-14
6,445000e+01;-3,552714e-14;-1,421085e-14;3,552714e-14
6,450000e+01;-2,842171e-14;-2,131628e-14;2,842171e-14
6,455000e+01;-2,842171e-14;-7,105427e-15;2,842171e-14
6,460000e+01;-2,842171e-14;-7,105427e-15;2,842171e-14
6,465000e+01;-2,842171e-14;-7,105427e-15;2,842171e-14
6,470000e+01;-2,842171e-14;-7,105427e-15;2,842171e-14
6,475000e+01;-3,552714e-14;-1,421085e-14;3,552714e-14
6,480000e+01;-2,131628e-14;-1,421085e-14;2,131628e-14
6,485000e+01;-2,842171e-14;-7,105427e-15;2,842171e-14
6,490000e+01;-2,131628e-14;-7,105427e-15;2,131628e-14
6,495000e+01;-2,842171e-14;-1,421085e-14;2,842171e-14
6,500000e+01;-2,842171e-14;-7,105427e-15;2,842171e-14
6,505000e+01;-2,842171e-14;-1,421085e-14;2,842171e-14
6,510000e+01;-2,131628e-14;-7,105427e-15;2,131628e-14
6,515000e+01;-2,842171e-14;-1,421085e-14;2,842171e-14
6,520000e+01;-2,842171e-14;-2,131628e-14;2,842171e-14
6,525000e+01;-2,842171e-14;-7,105427e-15;2,842171e-14
6,530000e+01;-2,842171e-14;-1,421085e-14;2,842171e-14
6,535000e+01;-2,842171e-14;-1,421085e-14;2,842171e-14
6,540000e+01;-2,842171e-14;-7,105427e-15;2,842171e-14
6,545000e+01;-2,842171e-14;-1,421085e-14;2,842171e-14
6,550000e+01;-2,842171e-14;-1,421085e-14;2,842171e-14
6,555000e+01;-2,131628e-14;-1,421085e-14;2,131628e-14
6,560000e+01;-2,842171e-14;-1,421085e-14;2,842171e-14
6,565000e+01;-2,842171e-14;-2,131628e-14;2,842171e-14
6,570000e+01;-2,842171e-14;-1,421085e-14;2,842171e-14
6,575000e+01;-2,842171e-14;-1,421085e-14;2,842171e-14
6,580000e+01;-2,842171e-14;-2,131628e-14;2,842171e-14
6,585000e+01;-2,842171e-14;-7,105427e-15;2,842171e-14
6,590000e+01;-2,842171e-14;-1,421085e-14;2,842171e-14
6,595000e+01;-2,842171e-14;-7,105427e-15;2,842171e-14
6,600000e+01;-3,552714e-14;-1,421085e-14;3,552714e-14
6,605000e+01;-2,842171e-14;-7,105427e-15;2,842171e-14
6,610000e+01;-2,842171e-14;-2,131628e-14;2,842171e-14
6,615000e+01;-2,842171e-14;-2,131628e-14;2,842171e-14
6,620000e+01;-2,842171e-14;-1,421085e-14;2,842171e-14
6,625000e+01;-2,842171e-14;-1,421085e-14;2,842171e-14
6,630000e+01;-2,842171e-14;-7,105427e-15;2,842171e-14
6,635000e+01;-2,842171e-14;-7,105427e-15;2,842171e-14
6,640000e+01;-2,842171e-14;-7,105427e-15;2,842171e-14
6,645000e+01;-2,842171e-14;-7,105427e-15;2,842171e-14
6,650000e+01;-2,842171e-14;-1,421085e-14;2,842171e-14
6,655000e+01;-2,131628e-14;-7,105427e-15;2,131628e-14
6,660000e+01;-2,842171e-14;-7,105427e-15;2,842171e-14
6,665000e+01;-2,131628e-14;0,000000e+00;2,131628e-14
6,670000e+01;-2,131628e-14;-7,105427e-15;2,131628e-14
6,675000e+01;-2,842171e-14;-1,421085e-14;2,842171e-14
6,680000e+01;-2,131628e-14;0,000000e+00;2,131628e-14
6,685000e+01;-2,842171e-14;-1,421085e-14;2,842171e-14
6,690000e+01;-2,842171e-14;-7,105427e-15;2,842171e-14
6,695000e+01;-2,842171e-14;-1,421085e-14;2,842171e-14
6,700000e+01;-2,842171e-14;-1,421085e-14;2,842171e-14
6,705000e+01;-2,842171e-14;-1,421085e-14;2,842171e-14
6,710000e+01;-2,131628e-14;-1,421085e-14;2,131628e-14
6,715000e+01;-2,842171e-14;-7,105427e-15;2,842171e-14
6,720000e+01;-2,131628e-14;0,000000e+00;2,131628e-14
6,725000e+01;-2,842171e-14;-7,105427e-15;2,842171e-14
6,730000e+01;-2,842171e-14;-7,105427e-15;2,842171e-14
6,735000e+01;-2,131628e-14;-7,105427e-15;2,131628e-14
6,740000e+01;-2,131628e-14;-7,105427e-15;2,131628e-14
6,745000e+01;-2,842171e-14;-1,421085e-14;2,842171e-14
6,750000e+01;-2,842171e-14;-1,421085e-14;2,842171e-14
6,755000e+01;-2,842171e-14;-1,421085e-14;2,842171e-14
6,760000e+01;-2,131628e-14;-7,105427e-15;2,131628e-14
6,765000e+01;-2,842171e-14;-1,421085e-14;2,842171e-14
6,770000e+01;-2,131628e-14;-1,421085e-14;2,131628e-14
6,775000e+01;-2,842171e-14;-1,421085e-14;2,842171e-14
6,780000e+01;-2,131628e-14;-7,105427e-15;2,131628e-14
6,785000e+01;-2,131628e-14;-7,105427e-15;2,131628e-14
6,790000e+01;-2,842171e-14;-7,105427e-15;2,842171e-14
6,795000e+01;-2,842171e-14;-1,421085e-14;2,842171e-14
6,800000e+01;-2,842171e-14;-1,421085e-14;2,842171e-14
6,805000e+01;-2,842171e-14;-1,421085e-14;2,842171e-14
6,810000e+01;-2,842171e-14;-1,421085e-14;2,842171e-14
6,815000e+01;-2,842171e-14;-7,105427e-15;2,842171e-14
6,820000e+01;-2,131628e-14;-1,421085e-14;2,131628e-14
6,825000e+01;-2,131628e-14;0,000000e+00;2,131628e-14
6,830000e+01;-2,842171e-14;-1,421085e-14;2,842171e-14
6,835000e+01;-2,842171e-14;-1,421085e-14;2,842171e-14
6,840000e+01;-2,131628e-14;-7,105427e-15;2,131628e-14
6,845000e+01;-2,131628e-14;-7,105427e-15;2,131628e-14
6,850000e+01;-2,842171e-14;-7,105427e-15;2,842171e-14
6,855000e+01;-1,421085e-14;-7,105427e-15;1,421085e-14
6,860000e+01;-2,842171e-14;-7,105427e-15;2,842171e-14
6,865000e+01;-2,131628e-14;-1,421085e-14;2,131628e-14
6,870000e+01;-2,131628e-14;-7,105427e-15;2,131628e-14
6,875000e+01;-2,131628e-14;0,000000e+00;2,131628e-14
6,880000e+01;-2,842171e-14;-1,421085e-14;2,842171e-14
6,885000e+01;-2,131628e-14;-7,105427e-15;2,131628e-14
6,890000e+01;-2,131628e-14;-1,421085e-14;2,131628e-14
6,895000e+01;-2,131628e-14;-7,105427e-15;2,131628e-14
6,900000e+01;-2,131628e-14;-7,105427e-15;2,131628e-14
6,905000e+01;-2,131628e-14;-7,105427e-15;2,131628e-14
6,910000e+01;-2,131628e-14;-7,105427e-15;2,131628e-14
6,915000e+01;-2,131628e-14;-7,105427e-15;2,131628e-14
6,920000e+01;-2,842171e-14;-1,421085e-14;2,842171e-14
6,925000e+01;-2,131628e-14;-7,105427e-15;2,131628e-14
6,930000e+01;-2,842171e-14;-7,105427e-15;2,842171e-14
6,935000e+01;-2,842171e-14;-1,421085e-14;2,842171e-14
6,940000e+01;-2,842171e-14;-1,421085e-14;2,842171e-14
6,945000e+01;-2,131628e-14;-1,421085e-14;2,131628e-14
6,950000e+01;-2,131628e-14;0,000000e+00;2,131628e-14
6,955000e+01;-2,131628e-14;-1,421085e-14;2,131628e-14
6,960000e+01;-2,131628e-14;-7,105427e-15;2,131628e-14
6,965000e+01;-2,842171e-14;-7,105427e-15;2,842171e-14
6,970000e+01;-2,842171e-14;-1,421085e-14;2,842171e-14
6,975000e+01;-2,842171e-14;-1,421085e-14;2,842171e-14
6,980000e+01;-2,131628e-14;0,000000e+00;2,131628e-14
6,985000e+01;-2,131628e-14;-1,421085e-14;2,131628e-14
6,990000e+01;-2,842171e-14;-1,421085e-14;2,842171e-14
6,995000e+01;-2,131628e-14;-1,421085e-14;2,131628e-14
7,000000e+01;-2,842171e-14;-1,421085e-14;2,842171e-14
7,005000e+01;-2,842171e-14;-1,421085e-14;2,842171e-14
7,010000e+01;-2,131628e-14;-1,421085e-14;2,131628e-14
7,015000e+01;-2,131628e-14;-7,105427e-15;2,131628e-14
7,020000e+01;-2,131628e-14;-7,105427e-15;2,131628e-14
7,025000e+01;-2,131628e-14;-7,105427e-15;2,131628e-14
7,030000e+01;-2,131628e-14;-7,105427e-15;2,131628e-14
7,035000e+01;-2,842171e-14;-1,421085e-14;2,842171e-14
7,040000e+01;-2,842171e-14;0,000000e+00;2,842171e-14
7,045000e+01;-2,842171e-14;-7,105427e-15;2,842171e-14
7,050000e+01;-2,131628e-14;0,000000e+00;2,131628e-14
7,055000e+01;-2,131628e-14;0,000000e+00;2,131628e-14
7,060000e+01;-2,131628e-14;0,000000e+00;2,131628e-14
7,065000e+01;-2,842171e-14;0,000000e+00;2,842171e-14
7,070000e+01;-2,131628e-14;0,000000e+00;2,131628e-14
7,075000e+01;-2,131628e-14;-7,105427e-15;2,131628e-14
7,080000e+01;-2,131628e-14;-7,105427e-15;2,131628e-14
7,085000e+01;-2,131628e-14;0,000000e+00;2,131628e-14
7,090000e+01;-2,131628e-14;-7,105427e-15;2,131628e-14
7,095000e+01;-2,131628e-14;-1,421085e-14;2,131628e-14
7,100000e+01;-2,131628e-14;-7,105427e-15;2,131628e-14
7,105000e+01;-2,131628e-14;-1,421085e-14;2,131628e-14
7,110000e+01;-2,131628e-14;0,000000e+00;2,131628e-14
7,115000e+01;-2,131628e-14;0,000000e+00;2,131628e-14
7,120000e+01;-2,131628e-14;-7,105427e-15;2,131628e-14
7,125000e+01;-2,131628e-14;0,000000e+00;2,131628e-14
7,130000e+01;-2,131628e-14;-7,105427e-15;2,131628e-14
7,135000e+01;-2,131628e-14;-7,105427e-15;2,131628e-14
7,140000e+01;-2,842171e-14;-1,421085e-14;2,842171e-14
7,145000e+01;-2,842171e-14;-7,105427e-15;2,842171e-14
7,150000e+01;-2,131628e-14;0,000000e+00;2,131628e-14
7,155000e+01;-2,842171e-14;-7,105427e-15;2,842171e-14
7,160000e+01;-2,842171e-14;-1,421085e-14;2,842171e-14
7,165000e+01;-2,131628e-14;-7,105427e-15;2,131628e-14
7,170000e+01;-2,842171e-14;-1,421085e-14;2,842171e-14
7,175000e+01;-2,131628e-14;-7,105427e-15;2,131628e-14
7,180000e+01;-2,842171e-14;-1,421085e-14;2,842171e-14
7,185000e+01;-2,131628e-14;-7,105427e-15;2,131628e-14
7,190000e+01;-2,131628e-14;-7,105427e-15;2,131628e-14
7,195000e+01;-2,131628e-14;-1,421085e-14;2,131628e-14
7,200000e+01;-2,131628e-14;-7,105427e-15;2,131628e-14
